label,text
spam,"Breaking: Earn passive income of $5000/month with our proven system. No skills, no experience, just click below to start earning today! Text STOP to unsubscribe (but hurry, offer ends soon)!"
spam,"GOOD NEWS Refinance your mortgage today and SAVE thousands! Rates as low as 0.9% APR, approval guaranteed regardless of credit score. Don't delay, click below to proceed."
spam,"Hi there!!! As the sole heir, you are entitled to a inheritance of $250000 from a distant relative. Reply with your bank details to proceed. Text STOP to unsubscribe (but hurry, offer ends soon)!"
ham,"Hi Team, I've attached the spreadsheet we discussed yesterday. Let me know if you have any questions or need changes before Friday. Talk soon."
spam,"Dear Winner This is your FINAL WARNING! Your bank subscription has expired! Update your billing information now to avoid account closure! 100% risk free, cancel anytime!"
spam,FINAL REMINDER Your computer has a VIRUS! Download our antivirus tool immediately to remove 27 threats detected on your device: http://bit!ly/free-cash-now
spam,"Breaking: Make $500 per week working from home! No experience needed. Just send a small registration fee of $49 to get started TODAY. Offer expires in 24 hours, act fast!"
spam,"Breaking: Make $10000 per week working from home! No experience needed. Just send a small registration fee of $49 to get started TODAY. Limited spots available, don't miss out!"
ham,"Hi John, Quick question about the onboarding order — did it ship yet? Tracking still shows it's processing. Appreciate it."
ham,"Good morning, The kids' school project is due on next week, can you pick up some poster board on your way home tonight? Let me know either way."
ham,"Hey, Could you review the pull request I opened this morning? Nothing urgent, just want your eyes on the office chairs changes. Let me know either way."
spam,"Breaking: Your account will be SUSPENDED unless you verify your password immediately. Click here to confirm your identity: http://claim-your-prize.example.ru/verify This is not a scam, 100% legit and guaranteed!!!"
ham,"Hey team, Thanks so much for your help moving last weekend, really appreciate it! Let's grab dinner soon to say thanks properly. Best,"
ham,"Hello, The kids' school project is due on Thursday, can you pick up some poster board on your way home tonight?"
spam,"FINAL REMINDER Your Netflix password was reset! If this wasn't you, click below immediately to secure your account: http://secure-login-update!example!info"
ham,"Hey, Great meeting you at the conference! Would love to grab lunch and talk more about the laptop project sometime."
ham,"Hey team, Following up on our call from earlier — I'll send the updated proposal by end of day tomorrow."
spam,"Limited Time Offer URGENT: Your tax refund of $1000000 is pending! Submit your social security number and banking info to release the funds! For your security, verify now: http://claim-your-prize!example!ru/verify"
ham,"Dear Priya, Loved catching up with you last night! We should plan that trip to Marco's soon, maybe over the long weekend."
ham,"Hi John, Just a reminder that our team sync is scheduled for next week at 4:00 PM. Please let me know if that time doesn't work for you. Best,"
ham,"Hi John, Can you send over your availability for next week? Want to lock in time for the Q3 roadmap kickoff."
ham,"Hi Team, Attaching the slide deck for tomorrow's budget meeting. Let me know if I missed anything before I send it to the client. Appreciate it."
spam,"Important Update Lose 15kg in just 2 weeks with this ONE weird trick doctors don't want you to know about! Order your free trial now. 100% risk free, cancel anytime."
spam,"URGENT NOTICE As the sole heir, you are entitled to a inheritance of $5000 from a distant relative. Reply with your bank details to proceed. This is not a scam, 100% legit and guaranteed!!!"
ham,"Hi all, Here's the invoice for laptop — total comes to $120. Let me know if you need it in a different format."
spam,"Limited Time Offer Your Apple ID password was reset. If this wasn't you, click below immediately to secure your account: http://account-verify.example.top"
spam,"Dear Beneficiary Your computer has a VIRUS! Download our antivirus tool immediately to remove 27 threats detected on your device: http://bit.ly/free-cash-now For your security, verify now: http://secure-login-update.example.info"
ham,"Hey team, Your order of laptop has shipped and should arrive by Tuesday. You can track it using the link in your account. Appreciate it."
ham,"Hi all, Great meeting you at the conference! Would love to grab lunch and talk more about the marketing project sometime."
spam,"Hi there!!! Earn passive income of $10000/month with our proven system! No skills, no experience, just click below to start earning today! Offer expires in 24 hours, act fast!"
spam,"ACT NOW Meet gorgeous women near you tonight! Sign up FREE, no strings attached, thousands of members online right now!!!"
spam,"Dear Beneficiary Your package could not be delivered! Pay a redelivery fee of $2!99 immediately or your parcel will be returned: http://bit!ly/free-cash-now This is not a scam, 100% legit and guaranteed!!!"
ham,"Hi all, Thanks so much for your help moving last weekend, really appreciate it! Let's grab dinner soon to say thanks properly. Thanks!"
spam,"ATTENTION Refinance your mortgage today and SAVE thousands! Rates as low as 0.9% APR, approval guaranteed regardless of credit score. Reply IMMEDIATELY to claim."
ham,"Hey team, Here are my notes from today's standup — action items are highlighted at the bottom, due by next week. Thanks!"
spam,Dear Winner You've been chosen for a FREE cruise to the Bahamas! Just pay a small processing fee of $99 to reserve your spot now.
ham,"Hey team, Just a reminder that our project review is scheduled for next week at 11:30 AM. Please let me know if that time doesn't work for you. Appreciate it."
spam,"Hello Valued Customer Invest in Ethereum today and turn $100 into $10,000 in just 7 days!! Guaranteed returns, act before this offer closes! For your security, verify now: http://bit!ly/free-cash-now"
spam,Breaking: Lose 5kg in just 2 weeks with this ONE weird trick doctors don't want you to know about! Order your free trial now!
ham,"Hi Team, Attaching the contract for tomorrow's standup. Let me know if I missed anything before I send it to the client. Talk soon."
spam,GOOD NEWS This is your FINAL WARNING. Your Amazon Prime subscription has expired. Update your billing information now to avoid account closure. Click here now: http://secure-login-update.example.info
spam,Hello Valued Customer Your computer has a VIRUS! Download our antivirus tool immediately to remove 27 threats detected on your device: http://account-verify.example.top Reply IMMEDIATELY to claim.
ham,"Hi John, Here's the invoice for Q3 roadmap — total comes to $899. Let me know if you need it in a different format. Let me know either way."
spam,"Dear Beneficiary Your Apple ID password was reset. If this wasn't you, click below immediately to secure your account: http://secure-login-update.example.info Limited spots available, don't miss out!"
ham,"Hi all, Just confirming our reservation at the downtown office for Wednesday at 9:00 AM. Looking forward to seeing everyone! Let me know either way."
ham,"Hi Team, The kids' school project is due on Tuesday, can you pick up some poster board on your way home tonight? Best,"
ham,"Hi, Just confirming our reservation at Marco's for next week at 10:00 AM. Looking forward to seeing everyone! Thanks!"
ham,"Hey, Thanks so much for your help moving last weekend, really appreciate it! Let's grab dinner soon to say thanks properly. Thanks!"
spam,"ATTENTION Lose 5kg in just 2 weeks with this ONE weird trick doctors don't want you to know about! Order your free trial now. Don't delay, click below to proceed."
ham,"Hello, I've attached the spreadsheet we discussed yesterday. Let me know if you have any questions or need changes before Friday. Thanks!"
ham,"Dear Priya, Just confirming our reservation at Marco's for next week at 11:30 AM. Looking forward to seeing everyone! Let me know either way."
ham,"Hi Team, Here are my notes from today's 1:1 — action items are highlighted at the bottom, due by Monday. Best,"
ham,"Hey, Thanks for sending over the report. I reviewed it and left a few comments in the shared doc. Overall looks great! Thanks!"
ham,"Hello, Quick question about the Q3 roadmap order — did it ship yet? Tracking still shows it's processing. Appreciate it."
ham,"Dear Priya, Happy birthday! Hope you have a wonderful day, let's catch up for coffee sometime next week if you're free. Best,"
spam,"Hello Valued Customer Refinance your mortgage today and SAVE thousands! Rates as low as 0!9% APR, approval guaranteed regardless of credit score! Reply IMMEDIATELY to claim!"
ham,"Hi John, Reminder: your dentist appointment is on Wednesday at 2:30 PM. Call the office if you need to reschedule. Let me know either way."
ham,"Hi John, Just a reminder that our budget meeting is scheduled for Monday at 9:00 AM. Please let me know if that time doesn't work for you."
spam,"Dear Beneficiary Your Netflix password was reset. If this wasn't you, click below immediately to secure your account: http://claim-your-prize.example.ru/verify This is not a scam, 100% legit and guaranteed!!!"
spam,CONGRATULATIONS!!! We noticed unusual sign-in activity on your account. Verify your identity now or your account will be permanently locked: http://bit.ly/free-cash-now Reply IMMEDIATELY to claim.
ham,"Hi, Your order of marketing has shipped and should arrive by Wednesday. You can track it using the link in your account."
spam,"Dear Beneficiary CLICK HERE to claim your free iPhone 15 Pro! Limited stock available, only 3 left, hurry before it's too late!!! Offer expires in 24 hours, act fast!"
spam,"Important Update Your package could not be delivered. Pay a redelivery fee of $2.99 immediately or your parcel will be returned: http://account-verify.example.top Limited spots available, don't miss out!"
spam,"You have been selected Hot singles in your area are waiting to chat with YOU right now! Click below for FREE access, no credit card required!!!"
spam,"CONGRATULATIONS!!! Your Apple ID password was reset! If this wasn't you, click below immediately to secure your account: http://claim-your-prize!example!ru/verify Reply IMMEDIATELY to claim!"
spam,"CONGRATULATIONS!!! CLICK HERE to claim your free iPhone 15! Limited stock available, only 3 left, hurry before it's too late!!! Reply IMMEDIATELY to claim."
spam,ATTENTION URGENT: Your tax refund of $1000000 is pending. Submit your social security number and banking info to release the funds.
spam,"Hi there!!! As the sole heir, you are entitled to a inheritance of $500 from a distant relative! Reply with your bank details to proceed! Reply IMMEDIATELY to claim!"
ham,"Hi, The kids' school project is due on next week, can you pick up some poster board on your way home tonight? Best,"
ham,"Dear Priya, Can you send over your availability for next week? Want to lock in time for the marketing kickoff. Let me know either way."
spam,"Breaking: As the sole heir, you are entitled to a inheritance of $10000 from a distant relative. Reply with your bank details to proceed. 100% risk free, cancel anytime."
ham,"Hi all, Reminder: your dentist appointment is on Friday at 9:00 AM. Call the office if you need to reschedule."
ham,"Hi Sarah, Reminder: your dentist appointment is on next week at 4:00 PM. Call the office if you need to reschedule. Let me know either way."
spam,"CONGRATULATIONS!!! Invest in a new crypto token today and turn $100 into $10,000 in just 7 days!! Guaranteed returns, act before this offer closes! For your security, verify now: http://account-verify.example.top"
ham,"Hi all, Can we push our standup to Tuesday? Something came up on my end and I want to make sure I'm fully prepared. Best,"
ham,"Hi all, Attaching the design mockups for tomorrow's team sync. Let me know if I missed anything before I send it to the client. Talk soon."
spam,"CONGRATULATIONS!!! Make $500 per week working from home! No experience needed! Just send a small registration fee of $49 to get started TODAY! Don't delay, click below to proceed!"
spam,"ACT NOW CLICK HERE to claim your free iPhone 14! Limited stock available, only 3 left, hurry before it's too late!!! For your security, verify now: http://bit.ly/free-cash-now"
spam,"FINAL REMINDER Invest in a new crypto token today and turn $100 into $10,000 in just 7 days!! Guaranteed returns, act before this offer closes! Reply IMMEDIATELY to claim!"
spam,"Hi there!!! Your Apple ID password was reset! If this wasn't you, click below immediately to secure your account: http://bit!ly/free-cash-now"
ham,"Hi all, Can we push our budget meeting to Thursday? Something came up on my end and I want to make sure I'm fully prepared. Let me know either way."
ham,"Good morning, Reminder: your dentist appointment is on Wednesday at 10:00 AM. Call the office if you need to reschedule. Best,"
ham,"Good morning, Following up on our call from earlier — I'll send the updated proposal by end of day tomorrow."
spam,"Dear Winner Earn passive income of $10000/month with our proven system. No skills, no experience, just click below to start earning today! Click here now: http://claim-your-prize.example.ru/verify"
ham,"Hey, Quick question about the office chairs order — did it ship yet? Tracking still shows it's processing. Best,"
spam,"Dear Winner You've been chosen for a FREE cruise to the Bahamas! Just pay a small processing fee of $99 to reserve your spot now. Offer expires in 24 hours, act fast!"
spam,"Dear Beneficiary As the sole heir, you are entitled to a inheritance of $5000 from a distant relative. Reply with your bank details to proceed. Don't delay, click below to proceed."
spam,"ACT NOW Lose 15kg in just 2 weeks with this ONE weird trick doctors don't want you to know about! Order your free trial now. Limited spots available, don't miss out!"
spam,"Important Update Hot singles in your area are waiting to chat with YOU right now! Click below for FREE access, no credit card required!!! Offer expires in 24 hours, act fast!"
ham,"Hi, Thanks so much for your help moving last weekend, really appreciate it! Let's grab dinner soon to say thanks properly. Let me know either way."
ham,"Hi Sarah, Following up on our call from earlier — I'll send the updated meeting notes by end of day tomorrow. Let me know either way."
spam,"Hello Valued Customer CLICK HERE to claim your free iPhone 15! Limited stock available, only 3 left, hurry before it's too late!!! Reply IMMEDIATELY to claim."
spam,"Hello Valued Customer As the sole heir, you are entitled to a inheritance of $250000 from a distant relative! Reply with your bank details to proceed! 100% risk free, cancel anytime!"
ham,"Hey team, The kids' school project is due on Monday, can you pick up some poster board on your way home tonight?"
spam,"Hello Valued Customer As the sole heir, you are entitled to a inheritance of $5000 from a distant relative! Reply with your bank details to proceed! Click here now: http://secure-login-update!example!info"
spam,"GOOD NEWS Your package could not be delivered. Pay a redelivery fee of $2.99 immediately or your parcel will be returned: http://bit.ly/free-cash-now 100% risk free, cancel anytime."
ham,"Hi John, Quick question about the laptop order — did it ship yet? Tracking still shows it's processing."
ham,"Hi Sarah, Can you send over your availability for next week? Want to lock in time for the marketing kickoff."
ham,"Hi Team, Great meeting you at the conference! Would love to grab lunch and talk more about the marketing project sometime."
ham,"Hi all, Happy birthday! Hope you have a wonderful day, let's catch up for coffee sometime next week if you're free. Let me know either way."
ham,"Hi, Just confirming our reservation at the lake house for Friday at 2:30 PM. Looking forward to seeing everyone! Let me know either way."
spam,"You have been selected Refinance your mortgage today and SAVE thousands! Rates as low as 0.9% APR, approval guaranteed regardless of credit score. Limited spots available, don't miss out!"
spam,"Hello Valued Customer Your Amazon Prime password was reset. If this wasn't you, click below immediately to secure your account: http://secure-login-update.example.info 100% risk free, cancel anytime."
spam,"Hi there!!! URGENT: Your tax refund of $500 is pending! Submit your social security number and banking info to release the funds! This is not a scam, 100% legit and guaranteed!!!"
ham,"Hi Team, Loved catching up with you last night! We should plan that trip to the lake house soon, maybe over the long weekend. Best,"
ham,"Good morning, Quick question about the Q3 roadmap order — did it ship yet? Tracking still shows it's processing. Talk soon."
spam,FINAL REMINDER URGENT: Your tax refund of $1000 is pending. Submit your social security number and banking info to release the funds. Click here now: http://account-verify.example.top
ham,"Hi John, The kids' school project is due on Monday, can you pick up some poster board on your way home tonight? Talk soon."
spam,"You have been selected As the sole heir, you are entitled to a inheritance of $10000 from a distant relative. Reply with your bank details to proceed. 100% risk free, cancel anytime."
ham,"Hi Sarah, Happy birthday! Hope you have a wonderful day, let's catch up for coffee sometime next week if you're free."
ham,"Hi, Following up on our call from earlier — I'll send the updated spreadsheet by end of day tomorrow. Talk soon."
ham,"Hi all, Thanks so much for your help moving last weekend, really appreciate it! Let's grab dinner soon to say thanks properly. Let me know either way."
spam,"Important Update Invest in Bitcoin today and turn $100 into $10,000 in just 7 days!! Guaranteed returns, act before this offer closes! 100% risk free, cancel anytime!"
ham,"Hey team, Quick question about the laptop order — did it ship yet? Tracking still shows it's processing."
spam,"Important Update Meet gorgeous women near you tonight! Sign up FREE, no strings attached, thousands of members online right now!!! Limited spots available, don't miss out!"
ham,"Hi Team, Here's the invoice for laptop — total comes to $120. Let me know if you need it in a different format."
spam,"Hi there!!! We noticed unusual sign-in activity on your account. Verify your identity now or your account will be permanently locked: http://secure-login-update.example.info Text STOP to unsubscribe (but hurry, offer ends soon)!"
spam,"URGENT NOTICE Refinance your mortgage today and SAVE thousands! Rates as low as 0!9% APR, approval guaranteed regardless of credit score! Don't delay, click below to proceed!"
spam,URGENT NOTICE You've been chosen for a FREE cruise to the Bahamas! Just pay a small processing fee of $99 to reserve your spot now! Reply IMMEDIATELY to claim!
ham,"Hi Team, Your order of website redesign has shipped and should arrive by next week. You can track it using the link in your account."
ham,"Hi John, Thanks for sending over the report. I reviewed it and left a few comments in the shared doc. Overall looks great! Talk soon."
ham,"Hi Team, I've attached the contract we discussed yesterday. Let me know if you have any questions or need changes before Friday."
ham,"Good morning, Great meeting you at the conference! Would love to grab lunch and talk more about the office chairs project sometime."
spam,"GOOD NEWS Your Amazon Prime password was reset. If this wasn't you, click below immediately to secure your account: http://account-verify.example.top Don't delay, click below to proceed."
spam,"You have been selected As the sole heir, you are entitled to a inheritance of $25000 from a distant relative! Reply with your bank details to proceed! Reply IMMEDIATELY to claim!"
spam,"Important Update You've been chosen for a FREE cruise to the Bahamas! Just pay a small processing fee of $99 to reserve your spot now! Offer expires in 24 hours, act fast!"
spam,"Dear Winner As the sole heir, you are entitled to a inheritance of $250000 from a distant relative. Reply with your bank details to proceed. Don't delay, click below to proceed."
ham,"Hey team, Can we push our project review to Thursday? Something came up on my end and I want to make sure I'm fully prepared. Thanks!"
spam,Limited Time Offer We noticed unusual sign-in activity on your account. Verify your identity now or your account will be permanently locked: http://bit.ly/free-cash-now
spam,"Dear Beneficiary Make $25000 per week working from home! No experience needed! Just send a small registration fee of $49 to get started TODAY! Limited spots available, don't miss out!"
ham,"Hi, Your order of marketing has shipped and should arrive by next week. You can track it using the link in your account."
spam,"CONGRATULATIONS!!! Your computer has a VIRUS! Download our antivirus tool immediately to remove 27 threats detected on your device: http://account-verify.example.top For your security, verify now: http://claim-your-prize.example.ru/verify"
ham,"Hi, Loved catching up with you last night! We should plan that trip to the lake house soon, maybe over the long weekend."
spam,"Dear Beneficiary CLICK HERE to claim your free iPhone 15 Pro! Limited stock available, only 3 left, hurry before it's too late!!!"
spam,"Hi there!!! As the sole heir, you are entitled to a inheritance of $10000 from a distant relative. Reply with your bank details to proceed. Offer expires in 24 hours, act fast!"
ham,"Hey, Can we push our team sync to Monday? Something came up on my end and I want to make sure I'm fully prepared."
ham,"Hi all, Your order of onboarding has shipped and should arrive by next week. You can track it using the link in your account."
ham,"Hello, Can you send over your availability for next week? Want to lock in time for the laptop kickoff."
ham,"Hey team, Can you send over your availability for next week? Want to lock in time for the onboarding kickoff."
ham,"Hi Team, Following up on our call from earlier — I'll send the updated meeting notes by end of day tomorrow. Appreciate it."
spam,"FINAL REMINDER Earn passive income of $5000/month with our proven system! No skills, no experience, just click below to start earning today! Click here now: http://claim-your-prize!example!ru/verify"
ham,"Hi Team, Following up on our call from earlier — I'll send the updated slide deck by end of day tomorrow."
spam,"Dear Winner Buy cheap painkillers online with 80% discount, no prescription needed! Fast, discreet shipping worldwide. Order now! Text STOP to unsubscribe (but hurry, offer ends soon)!"
ham,"Hey, Here's the invoice for website redesign — total comes to $120. Let me know if you need it in a different format. Thanks!"
ham,"Hello, Here are my notes from today's client call — action items are highlighted at the bottom, due by Friday. Talk soon."
spam,"You have been selected Hot singles in your area are waiting to chat with YOU right now! Click below for FREE access, no credit card required!!! Click here now: http://account-verify.example.top"
spam,"You have been selected Your computer has a VIRUS! Download our antivirus tool immediately to remove 27 threats detected on your device: http://claim-your-prize.example.ru/verify Offer expires in 24 hours, act fast!"
ham,"Hi Sarah, Reminder: your dentist appointment is on Tuesday at 10:00 AM. Call the office if you need to reschedule. Appreciate it."
spam,"Breaking: Your computer has a VIRUS! Download our antivirus tool immediately to remove 27 threats detected on your device: http://account-verify.example.top Offer expires in 24 hours, act fast!"
spam,CONGRATULATIONS!!! Make $500 per week working from home! No experience needed. Just send a small registration fee of $49 to get started TODAY.
spam,"You have been selected Invest in Ethereum today and turn $100 into $10,000 in just 7 days!! Guaranteed returns, act before this offer closes! Reply IMMEDIATELY to claim."
ham,"Hi John, Here are my notes from today's budget meeting — action items are highlighted at the bottom, due by Tuesday. Let me know either way."
spam,"Hello Valued Customer Invest in Dogecoin today and turn $100 into $10,000 in just 7 days!! Guaranteed returns, act before this offer closes! Click here now: http://claim-your-prize.example.ru/verify"
spam,"CONGRATULATIONS!!! Get a pre-approved loan of $1000 with ZERO credit check! Apply now, funds sent within 1 hour, no paperwork required! Click here now: http://claim-your-prize!example!ru/verify"
spam,"CONGRATULATIONS!!! Invest in Dogecoin today and turn $100 into $10,000 in just 7 days!! Guaranteed returns, act before this offer closes! Limited spots available, don't miss out!"
ham,"Hey team, Thanks for sending over the report. I reviewed it and left a few comments in the shared doc. Overall looks great! Appreciate it."
ham,"Hey, Reminder: your dentist appointment is on Friday at 9:00 AM. Call the office if you need to reschedule."
spam,"Hello Valued Customer Get a pre-approved loan of $1000000 with ZERO credit check! Apply now, funds sent within 1 hour, no paperwork required. Text STOP to unsubscribe (but hurry, offer ends soon)!"
spam,"FINAL REMINDER Hot singles in your area are waiting to chat with YOU right now! Click below for FREE access, no credit card required!!! For your security, verify now: http://account-verify.example.top"
ham,"Hey, The quarterly numbers are in — revenue is up 8% from last quarter, details are in the attached spreadsheet. Talk soon."
spam,"FINAL REMINDER Make $5000 per week working from home! No experience needed! Just send a small registration fee of $49 to get started TODAY! This is not a scam, 100% legit and guaranteed!!!"
spam,"URGENT NOTICE Invest in Dogecoin today and turn $100 into $10,000 in just 7 days!! Guaranteed returns, act before this offer closes! For your security, verify now: http://account-verify.example.top"
spam,"GOOD NEWS Earn passive income of $5000/month with our proven system. No skills, no experience, just click below to start earning today! 100% risk free, cancel anytime."
spam,"Hello Valued Customer We noticed unusual sign-in activity on your account! Verify your identity now or your account will be permanently locked: http://bit!ly/free-cash-now Limited spots available, don't miss out!"
ham,"Hey team, Thanks for sending over the report. I reviewed it and left a few comments in the shared doc. Overall looks great!"
spam,"Important Update You've been chosen for a FREE cruise to the Bahamas! Just pay a small processing fee of $99 to reserve your spot now. Offer expires in 24 hours, act fast!"
spam,"URGENT NOTICE Your computer has a VIRUS! Download our antivirus tool immediately to remove 27 threats detected on your device: http://account-verify.example.top Limited spots available, don't miss out!"
ham,"Hi John, Your order of office chairs has shipped and should arrive by Friday. You can track it using the link in your account. Best,"
ham,"Hello, Great meeting you at the conference! Would love to grab lunch and talk more about the Q3 roadmap project sometime."
spam,CONGRATULATIONS!!! Your package could not be delivered. Pay a redelivery fee of $2.99 immediately or your parcel will be returned: http://bit.ly/free-cash-now
ham,"Hi Team, Here are my notes from today's budget meeting — action items are highlighted at the bottom, due by Tuesday. Appreciate it."
ham,"Hey, Your order of office chairs has shipped and should arrive by Tuesday. You can track it using the link in your account. Thanks!"
ham,"Hi all, Thanks for sending over the report. I reviewed it and left a few comments in the shared doc. Overall looks great! Let me know either way."
ham,"Hi John, The kids' school project is due on Wednesday, can you pick up some poster board on your way home tonight?"
spam,Limited Time Offer You've been chosen for a FREE cruise to the Bahamas! Just pay a small processing fee of $99 to reserve your spot now!
spam,"Dear Beneficiary Get a pre-approved loan of $1000000 with ZERO credit check! Apply now, funds sent within 1 hour, no paperwork required. Don't delay, click below to proceed."
spam,"Dear Beneficiary Your Amazon Prime password was reset. If this wasn't you, click below immediately to secure your account: http://claim-your-prize.example.ru/verify Text STOP to unsubscribe (but hurry, offer ends soon)!"
spam,"Important Update Buy cheap Xanax online with 80% discount, no prescription needed! Fast, discreet shipping worldwide! Order now! Click here now: http://secure-login-update!example!info"
spam,"Dear Beneficiary As the sole heir, you are entitled to a inheritance of $250000 from a distant relative. Reply with your bank details to proceed. Don't delay, click below to proceed."
spam,ATTENTION Make $25000 per week working from home! No experience needed. Just send a small registration fee of $49 to get started TODAY. Reply IMMEDIATELY to claim.
spam,"Hi there!!! Make $25000 per week working from home! No experience needed! Just send a small registration fee of $49 to get started TODAY! For your security, verify now: http://account-verify!example!top"
ham,"Hello, The kids' school project is due on Monday, can you pick up some poster board on your way home tonight? Best,"
spam,"ATTENTION As the sole heir, you are entitled to a inheritance of $10000 from a distant relative. Reply with your bank details to proceed. Reply IMMEDIATELY to claim."
spam,"FINAL REMINDER Your Apple ID password was reset. If this wasn't you, click below immediately to secure your account: http://bit.ly/free-cash-now"
spam,"Hello Valued Customer Your account will be SUSPENDED unless you verify your password immediately. Click here to confirm your identity: http://secure-login-update.example.info Text STOP to unsubscribe (but hurry, offer ends soon)!"
ham,"Hi Team, Quick question about the marketing order — did it ship yet? Tracking still shows it's processing. Talk soon."
spam,"Hi there!!! Buy cheap weight-loss pills online with 80% discount, no prescription needed! Fast, discreet shipping worldwide. Order now!"
spam,"FINAL REMINDER Make $1000000 per week working from home! No experience needed. Just send a small registration fee of $49 to get started TODAY. For your security, verify now: http://account-verify.example.top"
ham,"Good morning, Thanks so much for your help moving last weekend, really appreciate it! Let's grab dinner soon to say thanks properly. Thanks!"
spam,"FINAL REMINDER Meet gorgeous women near you tonight! Sign up FREE, no strings attached, thousands of members online right now!!! Don't delay, click below to proceed."
spam,"Hello Valued Customer Get a pre-approved loan of $1000 with ZERO credit check! Apply now, funds sent within 1 hour, no paperwork required. 100% risk free, cancel anytime."
spam,"Hi there!!! As the sole heir, you are entitled to a inheritance of $250000 from a distant relative. Reply with your bank details to proceed."
spam,"Breaking: Meet gorgeous women near you tonight! Sign up FREE, no strings attached, thousands of members online right now!!! Limited spots available, don't miss out!"
spam,"CONGRATULATIONS!!! Your email password was reset. If this wasn't you, click below immediately to secure your account: http://claim-your-prize.example.ru/verify Reply IMMEDIATELY to claim."
spam,"CONGRATULATIONS!!! As the sole heir, you are entitled to a inheritance of $25000 from a distant relative. Reply with your bank details to proceed. This is not a scam, 100% legit and guaranteed!!!"
spam,"You have been selected Your package could not be delivered! Pay a redelivery fee of $2!99 immediately or your parcel will be returned: http://claim-your-prize!example!ru/verify 100% risk free, cancel anytime!"
ham,"Dear Priya, Great meeting you at the conference! Would love to grab lunch and talk more about the laptop project sometime."
ham,"Hi Sarah, Thanks for sending over the report. I reviewed it and left a few comments in the shared doc. Overall looks great! Best,"
spam,"FINAL REMINDER Make $5000 per week working from home! No experience needed. Just send a small registration fee of $49 to get started TODAY. For your security, verify now: http://account-verify.example.top"
spam,"ACT NOW CLICK HERE to claim your free iPhone 15! Limited stock available, only 3 left, hurry before it's too late!!! This is not a scam, 100% legit and guaranteed!!!"
ham,"Good morning, Here are my notes from today's budget meeting — action items are highlighted at the bottom, due by Monday."
spam,"URGENT NOTICE As the sole heir, you are entitled to a inheritance of $10000 from a distant relative. Reply with your bank details to proceed. 100% risk free, cancel anytime."
ham,"Good morning, Thanks so much for your help moving last weekend, really appreciate it! Let's grab dinner soon to say thanks properly. Best,"
ham,"Good morning, Quick question about the marketing order — did it ship yet? Tracking still shows it's processing."
ham,"Hello, Following up on our call from earlier — I'll send the updated slide deck by end of day tomorrow."
ham,"Hello, Great meeting you at the conference! Would love to grab lunch and talk more about the website redesign project sometime. Appreciate it."
ham,"Hi all, Thanks so much for your help moving last weekend, really appreciate it! Let's grab dinner soon to say thanks properly. Appreciate it."
ham,"Hi all, Loved catching up with you last night! We should plan that trip to Marco's soon, maybe over the long weekend."
ham,"Hi Sarah, Loved catching up with you last night! We should plan that trip to the lake house soon, maybe over the long weekend. Let me know either way."
spam,ACT NOW We noticed unusual sign-in activity on your account! Verify your identity now or your account will be permanently locked: http://claim-your-prize!example!ru/verify Reply IMMEDIATELY to claim!
ham,"Dear Priya, Just confirming our reservation at the lake house for Thursday at 4:00 PM. Looking forward to seeing everyone! Thanks!"
ham,"Hi all, Just confirming our reservation at the downtown office for Monday at 2:30 PM. Looking forward to seeing everyone! Talk soon."
spam,"Important Update Meet gorgeous women near you tonight! Sign up FREE, no strings attached, thousands of members online right now!!! Reply IMMEDIATELY to claim."
spam,"Hello Valued Customer Your package could not be delivered! Pay a redelivery fee of $2!99 immediately or your parcel will be returned: http://claim-your-prize!example!ru/verify For your security, verify now: http://secure-login-update!example!info"
spam,"GOOD NEWS Your package could not be delivered. Pay a redelivery fee of $2.99 immediately or your parcel will be returned: http://secure-login-update.example.info For your security, verify now: http://claim-your-prize.example.ru/verify"
ham,"Hey team, Your order of onboarding has shipped and should arrive by Friday. You can track it using the link in your account. Best,"
ham,"Hi John, Just confirming our reservation at the lake house for Monday at 4:00 PM. Looking forward to seeing everyone!"
ham,"Hi John, Here are my notes from today's team sync — action items are highlighted at the bottom, due by next week. Talk soon."
spam,"FINAL REMINDER Your account will be SUSPENDED unless you verify your password immediately! Click here to confirm your identity: http://account-verify!example!top Text STOP to unsubscribe (but hurry, offer ends soon)!"
spam,"Hi there!!! Make $5000 per week working from home! No experience needed. Just send a small registration fee of $49 to get started TODAY. Don't delay, click below to proceed."
spam,"Hello Valued Customer Get a pre-approved loan of $25000 with ZERO credit check! Apply now, funds sent within 1 hour, no paperwork required."
ham,"Hi all, Thanks for sending over the report. I reviewed it and left a few comments in the shared doc. Overall looks great!"
ham,"Hi all, Happy birthday! Hope you have a wonderful day, let's catch up for coffee sometime next week if you're free."
ham,"Hello, Can we push our standup to Tuesday? Something came up on my end and I want to make sure I'm fully prepared. Thanks!"
spam,"Limited Time Offer URGENT: Your tax refund of $1000000 is pending. Submit your social security number and banking info to release the funds. For your security, verify now: http://bit.ly/free-cash-now"
spam,"FINAL REMINDER Meet gorgeous women near you tonight! Sign up FREE, no strings attached, thousands of members online right now!!! Text STOP to unsubscribe (but hurry, offer ends soon)!"
spam,"Important Update Refinance your mortgage today and SAVE thousands! Rates as low as 0.9% APR, approval guaranteed regardless of credit score. This is not a scam, 100% legit and guaranteed!!!"
spam,"URGENT NOTICE Your Amazon Prime password was reset! If this wasn't you, click below immediately to secure your account: http://bit!ly/free-cash-now Offer expires in 24 hours, act fast!"
spam,You have been selected Your account will be SUSPENDED unless you verify your password immediately. Click here to confirm your identity: http://secure-login-update.example.info
spam,"Important Update You've been chosen for a FREE cruise to the Bahamas! Just pay a small processing fee of $99 to reserve your spot now. 100% risk free, cancel anytime."
spam,"ACT NOW Your package could not be delivered. Pay a redelivery fee of $2.99 immediately or your parcel will be returned: http://account-verify.example.top Limited spots available, don't miss out!"
spam,"Dear Winner Make $1000 per week working from home! No experience needed. Just send a small registration fee of $49 to get started TODAY. 100% risk free, cancel anytime."
ham,"Hey team, Your order of website redesign has shipped and should arrive by Wednesday. You can track it using the link in your account."
spam,"FINAL REMINDER Make $10000 per week working from home! No experience needed. Just send a small registration fee of $49 to get started TODAY. Limited spots available, don't miss out!"
ham,"Hi all, Can we push our budget meeting to Monday? Something came up on my end and I want to make sure I'm fully prepared. Thanks!"
ham,"Dear Priya, Great meeting you at the conference! Would love to grab lunch and talk more about the office chairs project sometime. Talk soon."
spam,"Dear Winner We noticed unusual sign-in activity on your account! Verify your identity now or your account will be permanently locked: http://claim-your-prize!example!ru/verify Limited spots available, don't miss out!"
spam,"GOOD NEWS Buy cheap Xanax online with 80% discount, no prescription needed! Fast, discreet shipping worldwide. Order now! 100% risk free, cancel anytime."
ham,"Dear Priya, Can we push our team sync to Wednesday? Something came up on my end and I want to make sure I'm fully prepared."
ham,"Hi, Thanks for sending over the report. I reviewed it and left a few comments in the shared doc. Overall looks great!"
spam,"You have been selected URGENT: Your tax refund of $1000 is pending. Submit your social security number and banking info to release the funds. Don't delay, click below to proceed."
spam,"CONGRATULATIONS!!! We noticed unusual sign-in activity on your account! Verify your identity now or your account will be permanently locked: http://secure-login-update!example!info Limited spots available, don't miss out!"
spam,"Breaking: Lose 8kg in just 2 weeks with this ONE weird trick doctors don't want you to know about! Order your free trial now! 100% risk free, cancel anytime!"
spam,"GOOD NEWS You have WON $10000 in the Global Sweepstakes Lottery! To claim your prize, click the link below and enter your bank details within 24 hours."
ham,"Good morning, Could you review the pull request I opened this morning? Nothing urgent, just want your eyes on the website redesign changes."
ham,"Hi John, Quick question about the laptop order — did it ship yet? Tracking still shows it's processing. Thanks!"
ham,"Hi Sarah, Great meeting you at the conference! Would love to grab lunch and talk more about the marketing project sometime."
spam,"GOOD NEWS Your package could not be delivered. Pay a redelivery fee of $2.99 immediately or your parcel will be returned: http://account-verify.example.top Limited spots available, don't miss out!"
ham,"Hi Team, Attaching the proposal for tomorrow's 1:1. Let me know if I missed anything before I send it to the client. Let me know either way."
spam,"CONGRATULATIONS!!! Make $5000 per week working from home! No experience needed. Just send a small registration fee of $49 to get started TODAY. Text STOP to unsubscribe (but hurry, offer ends soon)!"
spam,Hello Valued Customer Your account will be SUSPENDED unless you verify your password immediately. Click here to confirm your identity: http://claim-your-prize.example.ru/verify Click here now: http://claim-your-prize.example.ru/verify
spam,Dear Winner URGENT: Your tax refund of $1000 is pending. Submit your social security number and banking info to release the funds.
ham,"Hi John, Loved catching up with you last night! We should plan that trip to that new Italian place soon, maybe over the long weekend."
spam,"Hi there!!! CLICK HERE to claim your free iPhone 14! Limited stock available, only 3 left, hurry before it's too late!!! Don't delay, click below to proceed."
spam,"URGENT NOTICE Invest in a new crypto token today and turn $100 into $10,000 in just 7 days!! Guaranteed returns, act before this offer closes! 100% risk free, cancel anytime."
ham,"Dear Priya, The quarterly numbers are in — revenue is up 8% from last quarter, details are in the attached spreadsheet."
ham,"Dear Priya, Thanks so much for your help moving last weekend, really appreciate it! Let's grab dinner soon to say thanks properly."
ham,"Hey, The quarterly numbers are in — revenue is up 8% from last quarter, details are in the attached spreadsheet."
ham,"Hi John, Loved catching up with you last night! We should plan that trip to Marco's soon, maybe over the long weekend. Let me know either way."
spam,Dear Beneficiary Your package could not be delivered! Pay a redelivery fee of $2!99 immediately or your parcel will be returned: http://bit!ly/free-cash-now Click here now: http://claim-your-prize!example!ru/verify
ham,"Hi all, Just a reminder that our client call is scheduled for Tuesday at 11:30 AM. Please let me know if that time doesn't work for you."
spam,"Important Update Earn passive income of $25000/month with our proven system! No skills, no experience, just click below to start earning today! 100% risk free, cancel anytime!"
ham,"Hi, Thanks for sending over the report. I reviewed it and left a few comments in the shared doc. Overall looks great! Best,"
ham,"Hello, Great meeting you at the conference! Would love to grab lunch and talk more about the office chairs project sometime."
spam,"Important Update Refinance your mortgage today and SAVE thousands! Rates as low as 0!9% APR, approval guaranteed regardless of credit score! 100% risk free, cancel anytime!"
ham,"Hey team, The quarterly numbers are in — revenue is up 8% from last quarter, details are in the attached spreadsheet."
ham,"Hey, The kids' school project is due on next week, can you pick up some poster board on your way home tonight? Let me know either way."
spam,"ATTENTION Refinance your mortgage today and SAVE thousands! Rates as low as 0.9% APR, approval guaranteed regardless of credit score. 100% risk free, cancel anytime."
spam,"FINAL REMINDER Your computer has a VIRUS! Download our antivirus tool immediately to remove 27 threats detected on your device: http://secure-login-update.example.info For your security, verify now: http://account-verify.example.top"
spam,"URGENT NOTICE You have WON $500 in the Global Sweepstakes Lottery! To claim your prize, click the link below and enter your bank details within 24 hours. Offer expires in 24 hours, act fast!"
ham,"Hello, Great meeting you at the conference! Would love to grab lunch and talk more about the laptop project sometime."
spam,"ACT NOW Earn passive income of $500/month with our proven system. No skills, no experience, just click below to start earning today! This is not a scam, 100% legit and guaranteed!!!"
ham,"Good morning, The kids' school project is due on Monday, can you pick up some poster board on your way home tonight? Appreciate it."
ham,"Hi Team, Just confirming our reservation at the downtown office for Thursday at 2:30 PM. Looking forward to seeing everyone!"
ham,"Hi, Could you review the pull request I opened this morning? Nothing urgent, just want your eyes on the onboarding changes. Thanks!"
spam,"Dear Beneficiary Make $1000000 per week working from home! No experience needed. Just send a small registration fee of $49 to get started TODAY. For your security, verify now: http://claim-your-prize.example.ru/verify"
ham,"Hi John, I've attached the slide deck we discussed yesterday. Let me know if you have any questions or need changes before Friday."
ham,"Hi John, Just a reminder that our client call is scheduled for Friday at 2:30 PM. Please let me know if that time doesn't work for you. Appreciate it."
spam,"URGENT NOTICE Buy cheap painkillers online with 80% discount, no prescription needed! Fast, discreet shipping worldwide. Order now! Reply IMMEDIATELY to claim."
spam,"ACT NOW CLICK HERE to claim your free iPhone 14! Limited stock available, only 3 left, hurry before it's too late!!! For your security, verify now: http://secure-login-update.example.info"
ham,"Hey, Your order of Q3 roadmap has shipped and should arrive by Monday. You can track it using the link in your account. Thanks!"
ham,"Hi John, Attaching the proposal for tomorrow's team sync. Let me know if I missed anything before I send it to the client."
spam,"Dear Beneficiary CLICK HERE to claim your free iPhone 14! Limited stock available, only 3 left, hurry before it's too late!!!"
ham,"Dear Priya, I've attached the proposal we discussed yesterday. Let me know if you have any questions or need changes before Friday."
spam,ACT NOW You've been chosen for a FREE cruise to the Bahamas! Just pay a small processing fee of $99 to reserve your spot now.
ham,"Hi all, Here are my notes from today's budget meeting — action items are highlighted at the bottom, due by Tuesday."
ham,"Good morning, Loved catching up with you last night! We should plan that trip to the lake house soon, maybe over the long weekend."
ham,"Good morning, Thanks so much for your help moving last weekend, really appreciate it! Let's grab dinner soon to say thanks properly. Talk soon."
spam,"URGENT NOTICE Your computer has a VIRUS! Download our antivirus tool immediately to remove 27 threats detected on your device: http://secure-login-update!example!info For your security, verify now: http://account-verify!example!top"
ham,"Hi, Can we push our standup to Friday? Something came up on my end and I want to make sure I'm fully prepared."
spam,"Breaking: Invest in Bitcoin today and turn $100 into $10,000 in just 7 days!! Guaranteed returns, act before this offer closes!"
ham,"Hi, Your order of Q3 roadmap has shipped and should arrive by Tuesday. You can track it using the link in your account. Thanks!"
spam,"Limited Time Offer URGENT: Your tax refund of $1000 is pending! Submit your social security number and banking info to release the funds! For your security, verify now: http://claim-your-prize!example!ru/verify"
spam,"Breaking: You have WON $25000 in the Euro Millions Lottery! To claim your prize, click the link below and enter your bank details within 24 hours!"
ham,"Hey, Thanks for sending over the report. I reviewed it and left a few comments in the shared doc. Overall looks great!"
ham,"Dear Priya, Loved catching up with you last night! We should plan that trip to that new Italian place soon, maybe over the long weekend."
ham,"Hi John, The kids' school project is due on Monday, can you pick up some poster board on your way home tonight? Thanks!"
spam,"Dear Beneficiary Invest in a new crypto token today and turn $100 into $10,000 in just 7 days!! Guaranteed returns, act before this offer closes! Limited spots available, don't miss out!"
ham,"Hi John, Just a reminder that our team sync is scheduled for next week at 4:00 PM. Please let me know if that time doesn't work for you."
spam,"Hello Valued Customer You've been chosen for a FREE cruise to the Bahamas! Just pay a small processing fee of $99 to reserve your spot now. 100% risk free, cancel anytime."
ham,"Dear Priya, Loved catching up with you last night! We should plan that trip to the downtown office soon, maybe over the long weekend. Talk soon."
spam,"URGENT NOTICE Refinance your mortgage today and SAVE thousands! Rates as low as 0.9% APR, approval guaranteed regardless of credit score. Limited spots available, don't miss out!"
spam,Important Update Your account will be SUSPENDED unless you verify your password immediately! Click here to confirm your identity: http://secure-login-update!example!info Reply IMMEDIATELY to claim!
spam,"Hi there!!! Invest in Ethereum today and turn $100 into $10,000 in just 7 days!! Guaranteed returns, act before this offer closes! Don't delay, click below to proceed."
spam,"ATTENTION Buy cheap Viagra online with 80% discount, no prescription needed! Fast, discreet shipping worldwide! Order now! Click here now: http://bit!ly/free-cash-now"
ham,"Hi Sarah, Here's the invoice for Q3 roadmap — total comes to $45.5. Let me know if you need it in a different format."
spam,"Dear Beneficiary CLICK HERE to claim your free iPhone 15 Pro! Limited stock available, only 3 left, hurry before it's too late!!! 100% risk free, cancel anytime."
spam,"ATTENTION Hot singles in your area are waiting to chat with YOU right now! Click below for FREE access, no credit card required!!! Click here now: http://claim-your-prize!example!ru/verify"
spam,"ACT NOW You have WON $250000 in the International Lottery! To claim your prize, click the link below and enter your bank details within 24 hours. Don't delay, click below to proceed."
spam,"FINAL REMINDER We noticed unusual sign-in activity on your account. Verify your identity now or your account will be permanently locked: http://account-verify.example.top This is not a scam, 100% legit and guaranteed!!!"
spam,"Dear Beneficiary CLICK HERE to claim your free iPhone 15! Limited stock available, only 3 left, hurry before it's too late!!! Reply IMMEDIATELY to claim."
spam,Dear Beneficiary Lose 8kg in just 2 weeks with this ONE weird trick doctors don't want you to know about! Order your free trial now.
spam,CONGRATULATIONS!!! Your account will be SUSPENDED unless you verify your password immediately. Click here to confirm your identity: http://account-verify.example.top Reply IMMEDIATELY to claim.
ham,"Hey team, I've attached the proposal we discussed yesterday. Let me know if you have any questions or need changes before Friday. Thanks!"
spam,"FINAL REMINDER You've been chosen for a FREE cruise to the Bahamas! Just pay a small processing fee of $99 to reserve your spot now. Don't delay, click below to proceed."
spam,"URGENT NOTICE Buy cheap Viagra online with 80% discount, no prescription needed! Fast, discreet shipping worldwide. Order now! Click here now: http://claim-your-prize.example.ru/verify"
spam,"Hi there!!! Hot singles in your area are waiting to chat with YOU right now! Click below for FREE access, no credit card required!!! Text STOP to unsubscribe (but hurry, offer ends soon)!"
ham,"Hey team, Loved catching up with you last night! We should plan that trip to Marco's soon, maybe over the long weekend."
ham,"Hi all, Can we push our standup to Tuesday? Something came up on my end and I want to make sure I'm fully prepared."
ham,"Hello, Thanks so much for your help moving last weekend, really appreciate it! Let's grab dinner soon to say thanks properly."
ham,"Hey team, Your order of marketing has shipped and should arrive by Wednesday. You can track it using the link in your account. Best,"
spam,"Breaking: This is your FINAL WARNING. Your email subscription has expired. Update your billing information now to avoid account closure. Don't delay, click below to proceed."
ham,"Hi John, Thanks so much for your help moving last weekend, really appreciate it! Let's grab dinner soon to say thanks properly. Appreciate it."
ham,"Hi, Can you send over your availability for next week? Want to lock in time for the laptop kickoff. Best,"
ham,"Good morning, Can we push our budget meeting to Monday? Something came up on my end and I want to make sure I'm fully prepared. Appreciate it."
spam,"Breaking: You have WON $500 in the Euro Millions Lottery! To claim your prize, click the link below and enter your bank details within 24 hours! Text STOP to unsubscribe (but hurry, offer ends soon)!"
ham,"Hi, Thanks for sending over the report. I reviewed it and left a few comments in the shared doc. Overall looks great! Appreciate it."
spam,"URGENT NOTICE As the sole heir, you are entitled to a inheritance of $250000 from a distant relative. Reply with your bank details to proceed. Offer expires in 24 hours, act fast!"
ham,"Hi, Can we push our budget meeting to Wednesday? Something came up on my end and I want to make sure I'm fully prepared."
spam,"CONGRATULATIONS!!! Invest in a new crypto token today and turn $100 into $10,000 in just 7 days!! Guaranteed returns, act before this offer closes! Click here now: http://claim-your-prize!example!ru/verify"
ham,"Hi all, Thanks for sending over the report. I reviewed it and left a few comments in the shared doc. Overall looks great! Thanks!"
ham,"Hi Team, Can you send over your availability for next week? Want to lock in time for the onboarding kickoff."
ham,"Hey, Here are my notes from today's standup — action items are highlighted at the bottom, due by Wednesday."
ham,"Hey team, Your order of website redesign has shipped and should arrive by Monday. You can track it using the link in your account."
ham,"Hi John, Can we push our client call to Thursday? Something came up on my end and I want to make sure I'm fully prepared."
ham,"Hello, Can you send over your availability for next week? Want to lock in time for the office chairs kickoff."
spam,"FINAL REMINDER We noticed unusual sign-in activity on your account! Verify your identity now or your account will be permanently locked: http://bit!ly/free-cash-now This is not a scam, 100% legit and guaranteed!!!"
spam,URGENT NOTICE Your account will be SUSPENDED unless you verify your password immediately. Click here to confirm your identity: http://secure-login-update.example.info
ham,"Hi John, Quick question about the laptop order — did it ship yet? Tracking still shows it's processing. Appreciate it."
ham,"Hi all, Quick question about the website redesign order — did it ship yet? Tracking still shows it's processing."
spam,"Dear Winner Meet gorgeous women near you tonight! Sign up FREE, no strings attached, thousands of members online right now!!! This is not a scam, 100% legit and guaranteed!!!"
ham,"Hi Sarah, Attaching the design mockups for tomorrow's team sync. Let me know if I missed anything before I send it to the client. Let me know either way."
ham,"Hi Sarah, Loved catching up with you last night! We should plan that trip to Marco's soon, maybe over the long weekend."
spam,GOOD NEWS This is your FINAL WARNING. Your Netflix subscription has expired. Update your billing information now to avoid account closure.
ham,"Hi Sarah, Attaching the meeting notes for tomorrow's budget meeting. Let me know if I missed anything before I send it to the client."
ham,"Hi John, Attaching the meeting notes for tomorrow's client call. Let me know if I missed anything before I send it to the client."
spam,"Important Update Your Netflix password was reset. If this wasn't you, click below immediately to secure your account: http://claim-your-prize.example.ru/verify Don't delay, click below to proceed."
ham,"Hi all, Following up on our call from earlier — I'll send the updated meeting notes by end of day tomorrow."
spam,"Limited Time Offer You've been chosen for a FREE cruise to the Bahamas! Just pay a small processing fee of $99 to reserve your spot now. 100% risk free, cancel anytime."
ham,"Hey, The kids' school project is due on Friday, can you pick up some poster board on your way home tonight? Appreciate it."
spam,"Hi there!!! As the sole heir, you are entitled to a inheritance of $25000 from a distant relative! Reply with your bank details to proceed!"
spam,"ACT NOW Meet gorgeous women near you tonight! Sign up FREE, no strings attached, thousands of members online right now!!! For your security, verify now: http://claim-your-prize.example.ru/verify"
spam,"Hi there!!! Earn passive income of $1000000/month with our proven system! No skills, no experience, just click below to start earning today! Reply IMMEDIATELY to claim!"
ham,"Hello, Great meeting you at the conference! Would love to grab lunch and talk more about the onboarding project sometime. Best,"
ham,"Hi Sarah, Could you review the pull request I opened this morning? Nothing urgent, just want your eyes on the marketing changes. Appreciate it."
ham,"Hello, Just a reminder that our client call is scheduled for Thursday at 2:30 PM. Please let me know if that time doesn't work for you. Appreciate it."
spam,"ATTENTION CLICK HERE to claim your free iPhone 15! Limited stock available, only 3 left, hurry before it's too late!!! Limited spots available, don't miss out!"
ham,"Hi all, Great meeting you at the conference! Would love to grab lunch and talk more about the Q3 roadmap project sometime."
ham,"Hey, Just confirming our reservation at that new Italian place for Friday at 4:00 PM. Looking forward to seeing everyone! Talk soon."
spam,"ATTENTION Get a pre-approved loan of $1000 with ZERO credit check! Apply now, funds sent within 1 hour, no paperwork required!"
spam,"Important Update Your computer has a VIRUS! Download our antivirus tool immediately to remove 27 threats detected on your device: http://bit.ly/free-cash-now Text STOP to unsubscribe (but hurry, offer ends soon)!"
ham,"Hi all, The quarterly numbers are in — revenue is up 8% from last quarter, details are in the attached spreadsheet. Talk soon."
ham,"Hey team, Quick question about the website redesign order — did it ship yet? Tracking still shows it's processing. Talk soon."
ham,"Hey team, Can we push our 1:1 to next week? Something came up on my end and I want to make sure I'm fully prepared."
spam,"Breaking: We noticed unusual sign-in activity on your account! Verify your identity now or your account will be permanently locked: http://bit!ly/free-cash-now Offer expires in 24 hours, act fast!"
spam,"Hello Valued Customer Hot singles in your area are waiting to chat with YOU right now! Click below for FREE access, no credit card required!!! Limited spots available, don't miss out!"
spam,"Hello Valued Customer Invest in a new crypto token today and turn $100 into $10,000 in just 7 days!! Guaranteed returns, act before this offer closes! This is not a scam, 100% legit and guaranteed!!!"
ham,"Good morning, Thanks so much for your help moving last weekend, really appreciate it! Let's grab dinner soon to say thanks properly."
spam,"Breaking: This is your FINAL WARNING. Your bank subscription has expired. Update your billing information now to avoid account closure. Limited spots available, don't miss out!"
ham,"Hello, Following up on our call from earlier — I'll send the updated slide deck by end of day tomorrow. Appreciate it."
ham,"Hey, Reminder: your dentist appointment is on next week at 4:00 PM. Call the office if you need to reschedule."
ham,"Hi all, Just a reminder that our client call is scheduled for Thursday at 9:00 AM. Please let me know if that time doesn't work for you."
ham,"Hello, I've attached the design mockups we discussed yesterday. Let me know if you have any questions or need changes before Friday. Appreciate it."
spam,"Limited Time Offer We noticed unusual sign-in activity on your account. Verify your identity now or your account will be permanently locked: http://secure-login-update.example.info Offer expires in 24 hours, act fast!"
ham,"Hi Sarah, Just confirming our reservation at the downtown office for Monday at 9:00 AM. Looking forward to seeing everyone! Appreciate it."
spam,"URGENT NOTICE Your account will be SUSPENDED unless you verify your password immediately! Click here to confirm your identity: http://account-verify!example!top Text STOP to unsubscribe (but hurry, offer ends soon)!"
spam,"URGENT NOTICE Meet gorgeous women near you tonight! Sign up FREE, no strings attached, thousands of members online right now!!! Offer expires in 24 hours, act fast!"
ham,"Hi all, Can we push our 1:1 to Tuesday? Something came up on my end and I want to make sure I'm fully prepared. Let me know either way."
ham,"Hello, Following up on our call from earlier — I'll send the updated spreadsheet by end of day tomorrow. Best,"
spam,"Hi there!!! Hot singles in your area are waiting to chat with YOU right now! Click below for FREE access, no credit card required!!! Click here now: http://secure-login-update.example.info"
spam,"Limited Time Offer Meet gorgeous women near you tonight! Sign up FREE, no strings attached, thousands of members online right now!!! This is not a scam, 100% legit and guaranteed!!!"
ham,"Hello, Just confirming our reservation at the lake house for Friday at 11:30 AM. Looking forward to seeing everyone!"
ham,"Good morning, Here are my notes from today's budget meeting — action items are highlighted at the bottom, due by Tuesday. Thanks!"
ham,"Hey, Loved catching up with you last night! We should plan that trip to the downtown office soon, maybe over the long weekend."
spam,"CONGRATULATIONS!!! Earn passive income of $5000/month with our proven system. No skills, no experience, just click below to start earning today!"
ham,"Hello, Can you send over your availability for next week? Want to lock in time for the marketing kickoff. Best,"
ham,"Good morning, Following up on our call from earlier — I'll send the updated meeting notes by end of day tomorrow."
ham,"Hi Sarah, Here are my notes from today's team sync — action items are highlighted at the bottom, due by next week."
ham,"Hey team, Just confirming our reservation at the lake house for Monday at 9:00 AM. Looking forward to seeing everyone!"
ham,"Hi, Happy birthday! Hope you have a wonderful day, let's catch up for coffee sometime next week if you're free. Thanks!"
ham,"Hey team, Here are my notes from today's project review — action items are highlighted at the bottom, due by Tuesday. Best,"
ham,"Hi, Reminder: your dentist appointment is on Wednesday at 11:30 AM. Call the office if you need to reschedule. Let me know either way."
ham,"Hi Team, Thanks so much for your help moving last weekend, really appreciate it! Let's grab dinner soon to say thanks properly. Thanks!"
ham,"Hi Sarah, Quick question about the laptop order — did it ship yet? Tracking still shows it's processing. Best,"
spam,"ACT NOW Make $250000 per week working from home! No experience needed! Just send a small registration fee of $49 to get started TODAY! Don't delay, click below to proceed!"
spam,"Important Update Make $1000000 per week working from home! No experience needed. Just send a small registration fee of $49 to get started TODAY. Text STOP to unsubscribe (but hurry, offer ends soon)!"
spam,"Dear Winner Make $1000000 per week working from home! No experience needed. Just send a small registration fee of $49 to get started TODAY. Don't delay, click below to proceed."
ham,"Hi, Can you send over your availability for next week? Want to lock in time for the onboarding kickoff."
spam,"Important Update Make $500 per week working from home! No experience needed. Just send a small registration fee of $49 to get started TODAY. This is not a scam, 100% legit and guaranteed!!!"
spam,"ATTENTION Invest in Bitcoin today and turn $100 into $10,000 in just 7 days!! Guaranteed returns, act before this offer closes! Don't delay, click below to proceed."
ham,"Hey, Here's the invoice for office chairs — total comes to $45.5. Let me know if you need it in a different format. Let me know either way."
spam,"Limited Time Offer Earn passive income of $250000/month with our proven system. No skills, no experience, just click below to start earning today! This is not a scam, 100% legit and guaranteed!!!"
ham,"Hi John, Reminder: your dentist appointment is on Monday at 4:00 PM. Call the office if you need to reschedule."
ham,"Hi John, Thanks so much for your help moving last weekend, really appreciate it! Let's grab dinner soon to say thanks properly."
ham,"Hey team, The kids' school project is due on Friday, can you pick up some poster board on your way home tonight? Let me know either way."
ham,"Dear Priya, Here are my notes from today's 1:1 — action items are highlighted at the bottom, due by Thursday."
spam,"ACT NOW Your package could not be delivered. Pay a redelivery fee of $2.99 immediately or your parcel will be returned: http://account-verify.example.top Offer expires in 24 hours, act fast!"
ham,"Hello, Following up on our call from earlier — I'll send the updated proposal by end of day tomorrow."
spam,"Limited Time Offer Earn passive income of $25000/month with our proven system. No skills, no experience, just click below to start earning today! Click here now: http://bit.ly/free-cash-now"
ham,"Hi Sarah, The kids' school project is due on Monday, can you pick up some poster board on your way home tonight?"
ham,"Hi, The kids' school project is due on Thursday, can you pick up some poster board on your way home tonight?"
ham,"Hey, Just confirming our reservation at that new Italian place for Monday at 9:00 AM. Looking forward to seeing everyone!"
spam,"FINAL REMINDER Your package could not be delivered. Pay a redelivery fee of $2.99 immediately or your parcel will be returned: http://secure-login-update.example.info Don't delay, click below to proceed."
spam,"You have been selected Invest in Dogecoin today and turn $100 into $10,000 in just 7 days!! Guaranteed returns, act before this offer closes! This is not a scam, 100% legit and guaranteed!!!"
ham,"Hi John, Attaching the spreadsheet for tomorrow's standup. Let me know if I missed anything before I send it to the client."
spam,"CONGRATULATIONS!!! Your Netflix password was reset. If this wasn't you, click below immediately to secure your account: http://secure-login-update.example.info For your security, verify now: http://account-verify.example.top"
spam,URGENT NOTICE Your computer has a VIRUS! Download our antivirus tool immediately to remove 27 threats detected on your device: http://bit.ly/free-cash-now
ham,"Hey team, Quick question about the office chairs order — did it ship yet? Tracking still shows it's processing."
ham,"Dear Priya, Could you review the pull request I opened this morning? Nothing urgent, just want your eyes on the website redesign changes."
spam,"CONGRATULATIONS!!! CLICK HERE to claim your free iPhone SE! Limited stock available, only 3 left, hurry before it's too late!!! Text STOP to unsubscribe (but hurry, offer ends soon)!"
spam,"ATTENTION Earn passive income of $25000/month with our proven system. No skills, no experience, just click below to start earning today! Offer expires in 24 hours, act fast!"
spam,Important Update URGENT: Your tax refund of $1000 is pending. Submit your social security number and banking info to release the funds. Click here now: http://claim-your-prize.example.ru/verify
spam,"URGENT NOTICE Earn passive income of $10000/month with our proven system. No skills, no experience, just click below to start earning today! Offer expires in 24 hours, act fast!"
ham,"Hi Team, Great meeting you at the conference! Would love to grab lunch and talk more about the office chairs project sometime."
spam,"CONGRATULATIONS!!! Make $250000 per week working from home! No experience needed. Just send a small registration fee of $49 to get started TODAY. Text STOP to unsubscribe (but hurry, offer ends soon)!"
ham,"Good morning, Quick question about the laptop order — did it ship yet? Tracking still shows it's processing."
spam,"You have been selected Buy cheap weight-loss pills online with 80% discount, no prescription needed! Fast, discreet shipping worldwide. Order now! This is not a scam, 100% legit and guaranteed!!!"
ham,"Hello, The kids' school project is due on Monday, can you pick up some poster board on your way home tonight?"
spam,"FINAL REMINDER Refinance your mortgage today and SAVE thousands! Rates as low as 0.9% APR, approval guaranteed regardless of credit score."
spam,"Hi there!!! Make $5000 per week working from home! No experience needed! Just send a small registration fee of $49 to get started TODAY! 100% risk free, cancel anytime!"
ham,"Hi John, Here are my notes from today's budget meeting — action items are highlighted at the bottom, due by Thursday. Thanks!"
ham,"Hey team, Thanks for sending over the report. I reviewed it and left a few comments in the shared doc. Overall looks great! Let me know either way."
spam,"ATTENTION Your Netflix password was reset. If this wasn't you, click below immediately to secure your account: http://secure-login-update.example.info This is not a scam, 100% legit and guaranteed!!!"
spam,"GOOD NEWS Your computer has a VIRUS! Download our antivirus tool immediately to remove 27 threats detected on your device: http://bit!ly/free-cash-now This is not a scam, 100% legit and guaranteed!!!"
spam,"You have been selected Your computer has a VIRUS! Download our antivirus tool immediately to remove 27 threats detected on your device: http://bit!ly/free-cash-now Don't delay, click below to proceed!"
spam,"Breaking: Invest in a new crypto token today and turn $100 into $10,000 in just 7 days!! Guaranteed returns, act before this offer closes! Text STOP to unsubscribe (but hurry, offer ends soon)!"
ham,"Hi Team, Following up on our call from earlier — I'll send the updated contract by end of day tomorrow."
spam,"ATTENTION Hot singles in your area are waiting to chat with YOU right now! Click below for FREE access, no credit card required!!!"
spam,"CONGRATULATIONS!!! CLICK HERE to claim your free iPhone SE! Limited stock available, only 3 left, hurry before it's too late!!! Limited spots available, don't miss out!"
spam,"URGENT NOTICE You have WON $25000 in the Mega Millions Lottery! To claim your prize, click the link below and enter your bank details within 24 hours. Don't delay, click below to proceed."
spam,"Hello Valued Customer Earn passive income of $1000000/month with our proven system! No skills, no experience, just click below to start earning today! Reply IMMEDIATELY to claim!"
ham,"Hey team, Can you send over your availability for next week? Want to lock in time for the onboarding kickoff. Let me know either way."
ham,"Hi Team, Happy birthday! Hope you have a wonderful day, let's catch up for coffee sometime next week if you're free. Best,"
spam,"You have been selected Your package could not be delivered! Pay a redelivery fee of $2!99 immediately or your parcel will be returned: http://secure-login-update!example!info This is not a scam, 100% legit and guaranteed!!!"
ham,"Hi John, The kids' school project is due on Wednesday, can you pick up some poster board on your way home tonight? Talk soon."
spam,"URGENT NOTICE Your account will be SUSPENDED unless you verify your password immediately! Click here to confirm your identity: http://claim-your-prize!example!ru/verify Limited spots available, don't miss out!"
ham,"Hi Team, Here are my notes from today's budget meeting — action items are highlighted at the bottom, due by next week. Let me know either way."
spam,"You have been selected Invest in Bitcoin today and turn $100 into $10,000 in just 7 days!! Guaranteed returns, act before this offer closes! Don't delay, click below to proceed!"
ham,"Hey team, Attaching the spreadsheet for tomorrow's 1:1. Let me know if I missed anything before I send it to the client."
ham,"Hi all, Here are my notes from today's budget meeting — action items are highlighted at the bottom, due by Friday. Best,"
ham,"Hi Team, Can you send over your availability for next week? Want to lock in time for the website redesign kickoff."
ham,"Hello, Loved catching up with you last night! We should plan that trip to that new Italian place soon, maybe over the long weekend."
ham,"Hi, Great meeting you at the conference! Would love to grab lunch and talk more about the onboarding project sometime. Thanks!"
ham,"Good morning, Attaching the contract for tomorrow's project review. Let me know if I missed anything before I send it to the client. Talk soon."
spam,"Hi there!!! Get a pre-approved loan of $5000 with ZERO credit check! Apply now, funds sent within 1 hour, no paperwork required. Don't delay, click below to proceed."
ham,"Hey, Just a reminder that our client call is scheduled for Tuesday at 2:30 PM. Please let me know if that time doesn't work for you."
spam,"Hi there!!! As the sole heir, you are entitled to a inheritance of $500 from a distant relative. Reply with your bank details to proceed."
spam,"FINAL REMINDER Earn passive income of $25000/month with our proven system. No skills, no experience, just click below to start earning today! Don't delay, click below to proceed."
spam,"You have been selected URGENT: Your tax refund of $25000 is pending. Submit your social security number and banking info to release the funds. Text STOP to unsubscribe (but hurry, offer ends soon)!"
ham,"Good morning, Just confirming our reservation at the lake house for Thursday at 9:00 AM. Looking forward to seeing everyone!"
spam,"Dear Winner Make $5000 per week working from home! No experience needed. Just send a small registration fee of $49 to get started TODAY. Text STOP to unsubscribe (but hurry, offer ends soon)!"
ham,"Dear Priya, Here's the invoice for laptop — total comes to $1200. Let me know if you need it in a different format. Talk soon."
spam,"Hi there!!! Invest in Dogecoin today and turn $100 into $10,000 in just 7 days!! Guaranteed returns, act before this offer closes! Click here now: http://bit.ly/free-cash-now"
spam,"Hello Valued Customer Invest in a new crypto token today and turn $100 into $10,000 in just 7 days!! Guaranteed returns, act before this offer closes! Offer expires in 24 hours, act fast!"
spam,"You have been selected Buy cheap Xanax online with 80% discount, no prescription needed! Fast, discreet shipping worldwide! Order now! Limited spots available, don't miss out!"
ham,"Hi John, Can you send over your availability for next week? Want to lock in time for the office chairs kickoff. Let me know either way."
ham,"Dear Priya, Can you send over your availability for next week? Want to lock in time for the marketing kickoff."
spam,"Limited Time Offer Lose 15kg in just 2 weeks with this ONE weird trick doctors don't want you to know about! Order your free trial now! Don't delay, click below to proceed!"
spam,"ACT NOW Invest in Ethereum today and turn $100 into $10,000 in just 7 days!! Guaranteed returns, act before this offer closes! Text STOP to unsubscribe (but hurry, offer ends soon)!"
spam,"Limited Time Offer You've been chosen for a FREE cruise to the Bahamas! Just pay a small processing fee of $99 to reserve your spot now. Don't delay, click below to proceed."
spam,"Hello Valued Customer Your package could not be delivered. Pay a redelivery fee of $2.99 immediately or your parcel will be returned: http://bit.ly/free-cash-now 100% risk free, cancel anytime."
ham,"Hello, Reminder: your dentist appointment is on Friday at 2:30 PM. Call the office if you need to reschedule. Best,"
ham,"Hey, The kids' school project is due on Thursday, can you pick up some poster board on your way home tonight?"
ham,"Hi Team, Happy birthday! Hope you have a wonderful day, let's catch up for coffee sometime next week if you're free. Talk soon."
spam,"GOOD NEWS This is your FINAL WARNING. Your Apple ID subscription has expired. Update your billing information now to avoid account closure. Don't delay, click below to proceed."
ham,"Good morning, Your order of Q3 roadmap has shipped and should arrive by Monday. You can track it using the link in your account. Best,"
spam,"You have been selected Your account will be SUSPENDED unless you verify your password immediately. Click here to confirm your identity: http://claim-your-prize.example.ru/verify 100% risk free, cancel anytime."
ham,"Hey team, Great meeting you at the conference! Would love to grab lunch and talk more about the office chairs project sometime."
spam,"Breaking: Get a pre-approved loan of $25000 with ZERO credit check! Apply now, funds sent within 1 hour, no paperwork required! Offer expires in 24 hours, act fast!"
ham,"Hey team, Could you review the pull request I opened this morning? Nothing urgent, just want your eyes on the office chairs changes."
ham,"Hey team, Just a reminder that our standup is scheduled for Tuesday at 10:00 AM. Please let me know if that time doesn't work for you."
ham,"Dear Priya, Thanks for sending over the report. I reviewed it and left a few comments in the shared doc. Overall looks great!"
ham,"Hi Team, Thanks for sending over the report. I reviewed it and left a few comments in the shared doc. Overall looks great! Best,"
ham,"Hi John, The kids' school project is due on Tuesday, can you pick up some poster board on your way home tonight?"
spam,"Dear Winner Hot singles in your area are waiting to chat with YOU right now! Click below for FREE access, no credit card required!!! For your security, verify now: http://claim-your-prize.example.ru/verify"
spam,"GOOD NEWS Refinance your mortgage today and SAVE thousands! Rates as low as 0.9% APR, approval guaranteed regardless of credit score."
ham,"Hi Sarah, Following up on our call from earlier — I'll send the updated spreadsheet by end of day tomorrow. Best,"
spam,"Hello Valued Customer Meet gorgeous women near you tonight! Sign up FREE, no strings attached, thousands of members online right now!!! Reply IMMEDIATELY to claim!"
spam,"Hello Valued Customer Buy cheap painkillers online with 80% discount, no prescription needed! Fast, discreet shipping worldwide! Order now! Don't delay, click below to proceed!"
ham,"Good morning, Following up on our call from earlier — I'll send the updated contract by end of day tomorrow. Let me know either way."
ham,"Hi all, Can you send over your availability for next week? Want to lock in time for the office chairs kickoff."
spam,"ATTENTION Hot singles in your area are waiting to chat with YOU right now! Click below for FREE access, no credit card required!!! Don't delay, click below to proceed!"
spam,"URGENT NOTICE Earn passive income of $5000/month with our proven system. No skills, no experience, just click below to start earning today! Don't delay, click below to proceed."
ham,"Dear Priya, The kids' school project is due on next week, can you pick up some poster board on your way home tonight? Thanks!"
ham,"Hey team, Can we push our budget meeting to Thursday? Something came up on my end and I want to make sure I'm fully prepared."
ham,"Hi Sarah, Can you send over your availability for next week? Want to lock in time for the office chairs kickoff."
ham,"Hi Sarah, Reminder: your dentist appointment is on Monday at 9:00 AM. Call the office if you need to reschedule. Talk soon."
ham,"Hello, Happy birthday! Hope you have a wonderful day, let's catch up for coffee sometime next week if you're free. Best,"
spam,"Dear Winner Invest in Bitcoin today and turn $100 into $10,000 in just 7 days!! Guaranteed returns, act before this offer closes! Text STOP to unsubscribe (but hurry, offer ends soon)!"
spam,"Limited Time Offer This is your FINAL WARNING. Your bank subscription has expired. Update your billing information now to avoid account closure. For your security, verify now: http://account-verify.example.top"
spam,"ATTENTION We noticed unusual sign-in activity on your account. Verify your identity now or your account will be permanently locked: http://bit.ly/free-cash-now Text STOP to unsubscribe (but hurry, offer ends soon)!"
ham,"Hi all, Your order of laptop has shipped and should arrive by Tuesday. You can track it using the link in your account. Appreciate it."
spam,"Dear Beneficiary Your account will be SUSPENDED unless you verify your password immediately! Click here to confirm your identity: http://claim-your-prize!example!ru/verify Don't delay, click below to proceed!"
spam,"Limited Time Offer Your Amazon Prime password was reset! If this wasn't you, click below immediately to secure your account: http://claim-your-prize!example!ru/verify"
spam,"Dear Beneficiary As the sole heir, you are entitled to a inheritance of $1000 from a distant relative! Reply with your bank details to proceed! Reply IMMEDIATELY to claim!"
ham,"Dear Priya, Here are my notes from today's 1:1 — action items are highlighted at the bottom, due by Thursday. Talk soon."
ham,"Hi Sarah, Happy birthday! Hope you have a wonderful day, let's catch up for coffee sometime next week if you're free. Best,"
ham,"Hi, Happy birthday! Hope you have a wonderful day, let's catch up for coffee sometime next week if you're free. Best,"
ham,"Hey, Loved catching up with you last night! We should plan that trip to Marco's soon, maybe over the long weekend."
ham,"Good morning, Here's the invoice for marketing — total comes to $120. Let me know if you need it in a different format. Appreciate it."
ham,"Good morning, I've attached the design mockups we discussed yesterday. Let me know if you have any questions or need changes before Friday. Appreciate it."
ham,"Hi all, Can you send over your availability for next week? Want to lock in time for the marketing kickoff."
ham,"Hi John, Thanks so much for your help moving last weekend, really appreciate it! Let's grab dinner soon to say thanks properly. Best,"
spam,"GOOD NEWS Lose 15kg in just 2 weeks with this ONE weird trick doctors don't want you to know about! Order your free trial now. Don't delay, click below to proceed."
ham,"Hello, Attaching the contract for tomorrow's 1:1. Let me know if I missed anything before I send it to the client."
spam,"Hi there!!! CLICK HERE to claim your free iPhone 14! Limited stock available, only 3 left, hurry before it's too late!!! This is not a scam, 100% legit and guaranteed!!!"
spam,"CONGRATULATIONS!!! Your computer has a VIRUS! Download our antivirus tool immediately to remove 27 threats detected on your device: http://secure-login-update.example.info 100% risk free, cancel anytime."
spam,"Limited Time Offer Get a pre-approved loan of $250000 with ZERO credit check! Apply now, funds sent within 1 hour, no paperwork required. Don't delay, click below to proceed."
ham,"Hey, Thanks for sending over the report. I reviewed it and left a few comments in the shared doc. Overall looks great! Appreciate it."
ham,"Hi Sarah, Attaching the meeting notes for tomorrow's 1:1. Let me know if I missed anything before I send it to the client."
ham,"Good morning, Here are my notes from today's project review — action items are highlighted at the bottom, due by Friday."
spam,"Hi there!!! Buy cheap Xanax online with 80% discount, no prescription needed! Fast, discreet shipping worldwide. Order now! Don't delay, click below to proceed."
ham,"Hey team, Could you review the pull request I opened this morning? Nothing urgent, just want your eyes on the marketing changes."
spam,FINAL REMINDER URGENT: Your tax refund of $10000 is pending. Submit your social security number and banking info to release the funds. Click here now: http://secure-login-update.example.info
ham,"Hi all, Can we push our client call to Friday? Something came up on my end and I want to make sure I'm fully prepared. Let me know either way."
ham,"Hi Sarah, Attaching the design mockups for tomorrow's project review. Let me know if I missed anything before I send it to the client."
spam,ATTENTION Your computer has a VIRUS! Download our antivirus tool immediately to remove 27 threats detected on your device: http://account-verify!example!top Reply IMMEDIATELY to claim!
ham,"Hello, The quarterly numbers are in — revenue is up 8% from last quarter, details are in the attached spreadsheet. Talk soon."
spam,"You have been selected Buy cheap prescription meds online with 80% discount, no prescription needed! Fast, discreet shipping worldwide! Order now! For your security, verify now: http://bit!ly/free-cash-now"
spam,"GOOD NEWS As the sole heir, you are entitled to a inheritance of $25000 from a distant relative. Reply with your bank details to proceed. Offer expires in 24 hours, act fast!"
ham,"Hi Sarah, Your order of website redesign has shipped and should arrive by Wednesday. You can track it using the link in your account. Thanks!"
ham,"Hi Team, The kids' school project is due on Tuesday, can you pick up some poster board on your way home tonight?"
spam,"Important Update Meet gorgeous women near you tonight! Sign up FREE, no strings attached, thousands of members online right now!!! For your security, verify now: http://claim-your-prize.example.ru/verify"
ham,"Hi all, Could you review the pull request I opened this morning? Nothing urgent, just want your eyes on the marketing changes. Talk soon."
spam,"CONGRATULATIONS!!! Refinance your mortgage today and SAVE thousands! Rates as low as 0.9% APR, approval guaranteed regardless of credit score. Offer expires in 24 hours, act fast!"
spam,"Hello Valued Customer Hot singles in your area are waiting to chat with YOU right now! Click below for FREE access, no credit card required!!!"
ham,"Good morning, Just a reminder that our budget meeting is scheduled for Wednesday at 11:30 AM. Please let me know if that time doesn't work for you."
spam,ATTENTION Lose 10kg in just 2 weeks with this ONE weird trick doctors don't want you to know about! Order your free trial now. Reply IMMEDIATELY to claim.
spam,Dear Beneficiary This is your FINAL WARNING. Your bank subscription has expired. Update your billing information now to avoid account closure. Click here now: http://bit.ly/free-cash-now
ham,"Hello, The quarterly numbers are in — revenue is up 8% from last quarter, details are in the attached spreadsheet. Let me know either way."
ham,"Hi, Just a reminder that our 1:1 is scheduled for Tuesday at 9:00 AM. Please let me know if that time doesn't work for you. Thanks!"
spam,"URGENT NOTICE Hot singles in your area are waiting to chat with YOU right now! Click below for FREE access, no credit card required!!! Click here now: http://bit!ly/free-cash-now"
spam,FINAL REMINDER You've been chosen for a FREE cruise to the Bahamas! Just pay a small processing fee of $99 to reserve your spot now.
ham,"Hi Team, Here's the invoice for marketing — total comes to $120. Let me know if you need it in a different format. Thanks!"
ham,"Hi, Just confirming our reservation at that new Italian place for next week at 9:00 AM. Looking forward to seeing everyone! Appreciate it."
spam,Hi there!!! Make $5000 per week working from home! No experience needed. Just send a small registration fee of $49 to get started TODAY. Click here now: http://secure-login-update.example.info
ham,"Hi Sarah, I've attached the spreadsheet we discussed yesterday. Let me know if you have any questions or need changes before Friday."
ham,"Hi John, I've attached the spreadsheet we discussed yesterday. Let me know if you have any questions or need changes before Friday. Appreciate it."
ham,"Hey team, Just a reminder that our team sync is scheduled for Tuesday at 11:30 AM. Please let me know if that time doesn't work for you. Let me know either way."
ham,"Good morning, Here are my notes from today's client call — action items are highlighted at the bottom, due by Friday."
ham,"Hi, Your order of laptop has shipped and should arrive by Thursday. You can track it using the link in your account."
spam,"Limited Time Offer As the sole heir, you are entitled to a inheritance of $250000 from a distant relative. Reply with your bank details to proceed. Don't delay, click below to proceed."
spam,"Dear Winner Your Netflix password was reset! If this wasn't you, click below immediately to secure your account: http://bit!ly/free-cash-now Offer expires in 24 hours, act fast!"
spam,"GOOD NEWS This is your FINAL WARNING. Your Netflix subscription has expired. Update your billing information now to avoid account closure. Text STOP to unsubscribe (but hurry, offer ends soon)!"
spam,"Limited Time Offer You have WON $1000000 in the Mega Millions Lottery! To claim your prize, click the link below and enter your bank details within 24 hours. Don't delay, click below to proceed."
spam,"Breaking: Earn passive income of $250000/month with our proven system. No skills, no experience, just click below to start earning today! Offer expires in 24 hours, act fast!"
ham,"Hi all, Your order of laptop has shipped and should arrive by next week. You can track it using the link in your account. Best,"
spam,"Dear Beneficiary Meet gorgeous women near you tonight! Sign up FREE, no strings attached, thousands of members online right now!!!"
ham,"Dear Priya, I've attached the contract we discussed yesterday. Let me know if you have any questions or need changes before Friday. Appreciate it."
spam,"You have been selected Your computer has a VIRUS! Download our antivirus tool immediately to remove 27 threats detected on your device: http://secure-login-update.example.info This is not a scam, 100% legit and guaranteed!!!"
spam,"Dear Winner Your package could not be delivered! Pay a redelivery fee of $2!99 immediately or your parcel will be returned: http://account-verify!example!top 100% risk free, cancel anytime!"
ham,"Hi all, Your order of onboarding has shipped and should arrive by Friday. You can track it using the link in your account. Appreciate it."
ham,"Hi John, Here are my notes from today's standup — action items are highlighted at the bottom, due by Friday."
ham,"Dear Priya, Your order of office chairs has shipped and should arrive by next week. You can track it using the link in your account. Let me know either way."
spam,"ATTENTION As the sole heir, you are entitled to a inheritance of $25000 from a distant relative. Reply with your bank details to proceed. This is not a scam, 100% legit and guaranteed!!!"
ham,"Hi, Could you review the pull request I opened this morning? Nothing urgent, just want your eyes on the onboarding changes. Best,"
ham,"Hi Sarah, The quarterly numbers are in — revenue is up 8% from last quarter, details are in the attached spreadsheet. Best,"
ham,"Hi Team, Could you review the pull request I opened this morning? Nothing urgent, just want your eyes on the website redesign changes. Appreciate it."
spam,"Important Update Your account will be SUSPENDED unless you verify your password immediately! Click here to confirm your identity: http://secure-login-update!example!info 100% risk free, cancel anytime!"
spam,"Dear Winner Make $5000 per week working from home! No experience needed! Just send a small registration fee of $49 to get started TODAY! For your security, verify now: http://account-verify!example!top"
ham,"Dear Priya, Happy birthday! Hope you have a wonderful day, let's catch up for coffee sometime next week if you're free. Thanks!"
ham,"Hi Sarah, Great meeting you at the conference! Would love to grab lunch and talk more about the onboarding project sometime."
spam,"FINAL REMINDER CLICK HERE to claim your free iPhone SE! Limited stock available, only 3 left, hurry before it's too late!!! Text STOP to unsubscribe (but hurry, offer ends soon)!"
ham,"Hi John, Can we push our 1:1 to Friday? Something came up on my end and I want to make sure I'm fully prepared."
spam,"URGENT NOTICE You have WON $5000 in the Global Sweepstakes Lottery! To claim your prize, click the link below and enter your bank details within 24 hours. Reply IMMEDIATELY to claim."
spam,"Limited Time Offer Your account will be SUSPENDED unless you verify your password immediately. Click here to confirm your identity: http://claim-your-prize.example.ru/verify This is not a scam, 100% legit and guaranteed!!!"
spam,GOOD NEWS Lose 5kg in just 2 weeks with this ONE weird trick doctors don't want you to know about! Order your free trial now.
spam,Dear Winner Your package could not be delivered. Pay a redelivery fee of $2.99 immediately or your parcel will be returned: http://account-verify.example.top Reply IMMEDIATELY to claim.
ham,"Hey team, Can we push our budget meeting to Thursday? Something came up on my end and I want to make sure I'm fully prepared. Talk soon."
spam,Hello Valued Customer Make $25000 per week working from home! No experience needed. Just send a small registration fee of $49 to get started TODAY. Reply IMMEDIATELY to claim.
ham,"Hi all, I've attached the proposal we discussed yesterday. Let me know if you have any questions or need changes before Friday. Let me know either way."
ham,"Hey team, Here's the invoice for laptop — total comes to $349.99. Let me know if you need it in a different format. Talk soon."
spam,"Breaking: Buy cheap Viagra online with 80% discount, no prescription needed! Fast, discreet shipping worldwide! Order now! Text STOP to unsubscribe (but hurry, offer ends soon)!"
spam,"Hi there!!! As the sole heir, you are entitled to a inheritance of $5000 from a distant relative. Reply with your bank details to proceed. This is not a scam, 100% legit and guaranteed!!!"
spam,"You have been selected You have WON $10000 in the Euro Millions Lottery! To claim your prize, click the link below and enter your bank details within 24 hours. Reply IMMEDIATELY to claim."
ham,"Dear Priya, Great meeting you at the conference! Would love to grab lunch and talk more about the onboarding project sometime. Appreciate it."
ham,"Dear Priya, Your order of laptop has shipped and should arrive by Monday. You can track it using the link in your account."
spam,"Important Update Hot singles in your area are waiting to chat with YOU right now! Click below for FREE access, no credit card required!!!"
spam,"You have been selected Your PayPal password was reset. If this wasn't you, click below immediately to secure your account: http://claim-your-prize.example.ru/verify Click here now: http://claim-your-prize.example.ru/verify"
spam,"Limited Time Offer As the sole heir, you are entitled to a inheritance of $5000 from a distant relative. Reply with your bank details to proceed. Click here now: http://account-verify.example.top"
spam,"ATTENTION As the sole heir, you are entitled to a inheritance of $25000 from a distant relative. Reply with your bank details to proceed. 100% risk free, cancel anytime."
spam,"CONGRATULATIONS!!! Your account will be SUSPENDED unless you verify your password immediately. Click here to confirm your identity: http://claim-your-prize.example.ru/verify Limited spots available, don't miss out!"
spam,"ACT NOW Your Apple ID password was reset. If this wasn't you, click below immediately to secure your account: http://bit.ly/free-cash-now This is not a scam, 100% legit and guaranteed!!!"
ham,"Hi all, Just a reminder that our team sync is scheduled for Wednesday at 4:00 PM. Please let me know if that time doesn't work for you."
spam,"CONGRATULATIONS!!! Your Netflix password was reset! If this wasn't you, click below immediately to secure your account: http://bit!ly/free-cash-now Offer expires in 24 hours, act fast!"
ham,"Hi all, Just a reminder that our budget meeting is scheduled for Tuesday at 10:00 AM. Please let me know if that time doesn't work for you. Appreciate it."
ham,"Hey, Just confirming our reservation at the downtown office for Tuesday at 11:30 AM. Looking forward to seeing everyone!"
spam,"URGENT NOTICE Invest in a new crypto token today and turn $100 into $10,000 in just 7 days!! Guaranteed returns, act before this offer closes! Click here now: http://claim-your-prize!example!ru/verify"
ham,"Hi Team, Happy birthday! Hope you have a wonderful day, let's catch up for coffee sometime next week if you're free."
spam,"Hi there!!! We noticed unusual sign-in activity on your account. Verify your identity now or your account will be permanently locked: http://secure-login-update.example.info Offer expires in 24 hours, act fast!"
spam,"FINAL REMINDER Earn passive income of $250000/month with our proven system. No skills, no experience, just click below to start earning today! Reply IMMEDIATELY to claim."
spam,"GOOD NEWS You have WON $500 in the Global Sweepstakes Lottery! To claim your prize, click the link below and enter your bank details within 24 hours! Limited spots available, don't miss out!"
ham,"Hi Sarah, I've attached the meeting notes we discussed yesterday. Let me know if you have any questions or need changes before Friday. Talk soon."
ham,"Hi Team, Quick question about the onboarding order — did it ship yet? Tracking still shows it's processing."
ham,"Hi, Following up on our call from earlier — I'll send the updated contract by end of day tomorrow. Best,"
ham,"Hi Sarah, Could you review the pull request I opened this morning? Nothing urgent, just want your eyes on the website redesign changes. Best,"
spam,"Dear Winner Make $250000 per week working from home! No experience needed! Just send a small registration fee of $49 to get started TODAY! Offer expires in 24 hours, act fast!"
spam,"Limited Time Offer Refinance your mortgage today and SAVE thousands! Rates as low as 0!9% APR, approval guaranteed regardless of credit score! This is not a scam, 100% legit and guaranteed!!!"
spam,"ATTENTION You have WON $5000 in the Mega Millions Lottery! To claim your prize, click the link below and enter your bank details within 24 hours!"
spam,"You have been selected Your account will be SUSPENDED unless you verify your password immediately. Click here to confirm your identity: http://bit.ly/free-cash-now Don't delay, click below to proceed."
spam,"Hi there!!! Get a pre-approved loan of $1000 with ZERO credit check! Apply now, funds sent within 1 hour, no paperwork required. This is not a scam, 100% legit and guaranteed!!!"
spam,"ATTENTION We noticed unusual sign-in activity on your account. Verify your identity now or your account will be permanently locked: http://account-verify.example.top Don't delay, click below to proceed."
ham,"Hi John, Can we push our budget meeting to Friday? Something came up on my end and I want to make sure I'm fully prepared. Talk soon."
ham,"Hey team, Attaching the proposal for tomorrow's project review. Let me know if I missed anything before I send it to the client."
spam,"Hi there!!! As the sole heir, you are entitled to a inheritance of $5000 from a distant relative. Reply with your bank details to proceed. 100% risk free, cancel anytime."
ham,"Hi John, Great meeting you at the conference! Would love to grab lunch and talk more about the onboarding project sometime."
spam,"Hi there!!! Make $250000 per week working from home! No experience needed. Just send a small registration fee of $49 to get started TODAY. Text STOP to unsubscribe (but hurry, offer ends soon)!"
ham,"Good morning, Thanks for sending over the report. I reviewed it and left a few comments in the shared doc. Overall looks great! Let me know either way."
spam,"URGENT NOTICE Make $1000000 per week working from home! No experience needed. Just send a small registration fee of $49 to get started TODAY. This is not a scam, 100% legit and guaranteed!!!"
spam,"Dear Winner Make $1000 per week working from home! No experience needed. Just send a small registration fee of $49 to get started TODAY. Text STOP to unsubscribe (but hurry, offer ends soon)!"
spam,"ACT NOW CLICK HERE to claim your free iPhone 14! Limited stock available, only 3 left, hurry before it's too late!!!"
ham,"Hi, Just confirming our reservation at Marco's for next week at 4:00 PM. Looking forward to seeing everyone!"
ham,"Hi, Can you send over your availability for next week? Want to lock in time for the office chairs kickoff."
spam,"Dear Beneficiary Your account will be SUSPENDED unless you verify your password immediately. Click here to confirm your identity: http://account-verify.example.top Offer expires in 24 hours, act fast!"
spam,ACT NOW Make $1000000 per week working from home! No experience needed. Just send a small registration fee of $49 to get started TODAY.
spam,"URGENT NOTICE URGENT: Your tax refund of $25000 is pending. Submit your social security number and banking info to release the funds. Don't delay, click below to proceed."
ham,"Hello, Attaching the meeting notes for tomorrow's client call. Let me know if I missed anything before I send it to the client."
spam,"Dear Beneficiary Lose 8kg in just 2 weeks with this ONE weird trick doctors don't want you to know about! Order your free trial now. 100% risk free, cancel anytime."
ham,"Hi John, Loved catching up with you last night! We should plan that trip to the downtown office soon, maybe over the long weekend."
spam,"Dear Winner You have WON $5000 in the Global Sweepstakes Lottery! To claim your prize, click the link below and enter your bank details within 24 hours. Reply IMMEDIATELY to claim."
spam,Limited Time Offer Your package could not be delivered! Pay a redelivery fee of $2!99 immediately or your parcel will be returned: http://claim-your-prize!example!ru/verify
spam,"FINAL REMINDER Lose 15kg in just 2 weeks with this ONE weird trick doctors don't want you to know about! Order your free trial now. Text STOP to unsubscribe (but hurry, offer ends soon)!"
ham,"Hey, Great meeting you at the conference! Would love to grab lunch and talk more about the onboarding project sometime. Let me know either way."
ham,"Hey, Attaching the meeting notes for tomorrow's standup. Let me know if I missed anything before I send it to the client. Appreciate it."
ham,"Hi all, Here are my notes from today's standup — action items are highlighted at the bottom, due by Thursday. Let me know either way."
spam,"FINAL REMINDER Invest in Ethereum today and turn $100 into $10,000 in just 7 days!! Guaranteed returns, act before this offer closes! Text STOP to unsubscribe (but hurry, offer ends soon)!"
ham,"Hello, Just a reminder that our budget meeting is scheduled for Friday at 11:30 AM. Please let me know if that time doesn't work for you."
spam,"Important Update Invest in Bitcoin today and turn $100 into $10,000 in just 7 days!! Guaranteed returns, act before this offer closes! Don't delay, click below to proceed!"
spam,URGENT NOTICE Make $500 per week working from home! No experience needed. Just send a small registration fee of $49 to get started TODAY. Click here now: http://claim-your-prize.example.ru/verify
ham,"Hey team, Attaching the spreadsheet for tomorrow's budget meeting. Let me know if I missed anything before I send it to the client. Let me know either way."
spam,"You have been selected Refinance your mortgage today and SAVE thousands! Rates as low as 0.9% APR, approval guaranteed regardless of credit score. For your security, verify now: http://bit.ly/free-cash-now"
spam,"Dear Beneficiary Buy cheap weight-loss pills online with 80% discount, no prescription needed! Fast, discreet shipping worldwide. Order now! Limited spots available, don't miss out!"
ham,"Hi Sarah, Reminder: your dentist appointment is on next week at 11:30 AM. Call the office if you need to reschedule."
spam,Dear Beneficiary This is your FINAL WARNING. Your Netflix subscription has expired. Update your billing information now to avoid account closure.
spam,"Limited Time Offer Your computer has a VIRUS! Download our antivirus tool immediately to remove 27 threats detected on your device: http://claim-your-prize!example!ru/verify Don't delay, click below to proceed!"
spam,"ACT NOW Invest in a new crypto token today and turn $100 into $10,000 in just 7 days!! Guaranteed returns, act before this offer closes! This is not a scam, 100% legit and guaranteed!!!"
spam,"FINAL REMINDER Hot singles in your area are waiting to chat with YOU right now! Click below for FREE access, no credit card required!!!"
spam,"GOOD NEWS Earn passive income of $500/month with our proven system. No skills, no experience, just click below to start earning today! This is not a scam, 100% legit and guaranteed!!!"
spam,"CONGRATULATIONS!!! Hot singles in your area are waiting to chat with YOU right now! Click below for FREE access, no credit card required!!! Reply IMMEDIATELY to claim!"
spam,"Hello Valued Customer Buy cheap painkillers online with 80% discount, no prescription needed! Fast, discreet shipping worldwide! Order now! Offer expires in 24 hours, act fast!"
spam,"GOOD NEWS Earn passive income of $1000/month with our proven system. No skills, no experience, just click below to start earning today! Don't delay, click below to proceed."
ham,"Hi Team, Could you review the pull request I opened this morning? Nothing urgent, just want your eyes on the laptop changes. Talk soon."
spam,"Breaking: Buy cheap Viagra online with 80% discount, no prescription needed! Fast, discreet shipping worldwide! Order now! Limited spots available, don't miss out!"
spam,"GOOD NEWS URGENT: Your tax refund of $1000000 is pending! Submit your social security number and banking info to release the funds! This is not a scam, 100% legit and guaranteed!!!"
ham,"Hey team, The quarterly numbers are in — revenue is up 8% from last quarter, details are in the attached spreadsheet. Best,"
ham,"Hi all, The kids' school project is due on Thursday, can you pick up some poster board on your way home tonight?"
spam,"GOOD NEWS URGENT: Your tax refund of $1000000 is pending. Submit your social security number and banking info to release the funds. Text STOP to unsubscribe (but hurry, offer ends soon)!"
ham,"Hi Team, Great meeting you at the conference! Would love to grab lunch and talk more about the laptop project sometime. Best,"
ham,"Hi, Can you send over your availability for next week? Want to lock in time for the marketing kickoff."
spam,"Breaking: Get a pre-approved loan of $1000 with ZERO credit check! Apply now, funds sent within 1 hour, no paperwork required."
spam,"CONGRATULATIONS!!! Hot singles in your area are waiting to chat with YOU right now! Click below for FREE access, no credit card required!!!"
ham,"Dear Priya, Could you review the pull request I opened this morning? Nothing urgent, just want your eyes on the marketing changes. Best,"
spam,"You have been selected Hot singles in your area are waiting to chat with YOU right now! Click below for FREE access, no credit card required!!! Text STOP to unsubscribe (but hurry, offer ends soon)!"
spam,"Hi there!!! Your package could not be delivered. Pay a redelivery fee of $2.99 immediately or your parcel will be returned: http://claim-your-prize.example.ru/verify For your security, verify now: http://account-verify.example.top"
ham,"Hi Sarah, Following up on our call from earlier — I'll send the updated design mockups by end of day tomorrow. Talk soon."
spam,"URGENT NOTICE Hot singles in your area are waiting to chat with YOU right now! Click below for FREE access, no credit card required!!! 100% risk free, cancel anytime!"
ham,"Good morning, I've attached the slide deck we discussed yesterday. Let me know if you have any questions or need changes before Friday. Thanks!"
spam,"ATTENTION Meet gorgeous women near you tonight! Sign up FREE, no strings attached, thousands of members online right now!!! 100% risk free, cancel anytime."
ham,"Hello, Following up on our call from earlier — I'll send the updated contract by end of day tomorrow. Talk soon."
spam,"URGENT NOTICE Buy cheap Xanax online with 80% discount, no prescription needed! Fast, discreet shipping worldwide! Order now! Click here now: http://claim-your-prize!example!ru/verify"
spam,"Dear Winner Hot singles in your area are waiting to chat with YOU right now! Click below for FREE access, no credit card required!!! 100% risk free, cancel anytime!"
ham,"Dear Priya, Could you review the pull request I opened this morning? Nothing urgent, just want your eyes on the office chairs changes."
spam,"FINAL REMINDER Your PayPal password was reset. If this wasn't you, click below immediately to secure your account: http://bit.ly/free-cash-now For your security, verify now: http://secure-login-update.example.info"
spam,"Dear Winner Refinance your mortgage today and SAVE thousands! Rates as low as 0!9% APR, approval guaranteed regardless of credit score! For your security, verify now: http://account-verify!example!top"
ham,"Hi Team, Can we push our standup to Thursday? Something came up on my end and I want to make sure I'm fully prepared. Let me know either way."
ham,"Hey, Your order of office chairs has shipped and should arrive by next week. You can track it using the link in your account. Appreciate it."
ham,"Hi John, Your order of onboarding has shipped and should arrive by Monday. You can track it using the link in your account."
spam,"You have been selected Earn passive income of $25000/month with our proven system. No skills, no experience, just click below to start earning today! Offer expires in 24 hours, act fast!"
ham,"Hi, Quick question about the office chairs order — did it ship yet? Tracking still shows it's processing."
ham,"Hi John, Just a reminder that our team sync is scheduled for Tuesday at 10:00 AM. Please let me know if that time doesn't work for you. Appreciate it."
ham,"Hi John, The kids' school project is due on Wednesday, can you pick up some poster board on your way home tonight? Thanks!"
ham,"Hi, Thanks so much for your help moving last weekend, really appreciate it! Let's grab dinner soon to say thanks properly."
ham,"Hi Team, The kids' school project is due on Monday, can you pick up some poster board on your way home tonight?"
spam,"Hello Valued Customer This is your FINAL WARNING! Your PayPal subscription has expired! Update your billing information now to avoid account closure! Offer expires in 24 hours, act fast!"
ham,"Hey team, Following up on our call from earlier — I'll send the updated meeting notes by end of day tomorrow. Let me know either way."
ham,"Hi, The quarterly numbers are in — revenue is up 8% from last quarter, details are in the attached spreadsheet. Best,"
ham,"Dear Priya, Loved catching up with you last night! We should plan that trip to the lake house soon, maybe over the long weekend."
spam,"ATTENTION This is your FINAL WARNING. Your bank subscription has expired. Update your billing information now to avoid account closure. Text STOP to unsubscribe (but hurry, offer ends soon)!"
ham,"Hi, Your order of marketing has shipped and should arrive by Monday. You can track it using the link in your account. Talk soon."
spam,"Hello Valued Customer Your email password was reset! If this wasn't you, click below immediately to secure your account: http://claim-your-prize!example!ru/verify Limited spots available, don't miss out!"
spam,"URGENT NOTICE Refinance your mortgage today and SAVE thousands! Rates as low as 0!9% APR, approval guaranteed regardless of credit score! Click here now: http://secure-login-update!example!info"
ham,"Hello, Happy birthday! Hope you have a wonderful day, let's catch up for coffee sometime next week if you're free. Appreciate it."
ham,"Hi, Here's the invoice for marketing — total comes to $45.5. Let me know if you need it in a different format."
spam,"URGENT NOTICE Hot singles in your area are waiting to chat with YOU right now! Click below for FREE access, no credit card required!!! Click here now: http://bit.ly/free-cash-now"
spam,"Hi there!!! You have WON $500 in the Global Sweepstakes Lottery! To claim your prize, click the link below and enter your bank details within 24 hours."
spam,FINAL REMINDER This is your FINAL WARNING! Your PayPal subscription has expired! Update your billing information now to avoid account closure! Click here now: http://bit!ly/free-cash-now
ham,"Good morning, Loved catching up with you last night! We should plan that trip to the downtown office soon, maybe over the long weekend. Best,"
spam,"Dear Winner Make $5000 per week working from home! No experience needed. Just send a small registration fee of $49 to get started TODAY. For your security, verify now: http://secure-login-update.example.info"
spam,"Breaking: Refinance your mortgage today and SAVE thousands! Rates as low as 0!9% APR, approval guaranteed regardless of credit score! Click here now: http://claim-your-prize!example!ru/verify"
spam,"Dear Beneficiary Meet gorgeous women near you tonight! Sign up FREE, no strings attached, thousands of members online right now!!! For your security, verify now: http://account-verify.example.top"
spam,"Dear Beneficiary Your account will be SUSPENDED unless you verify your password immediately! Click here to confirm your identity: http://account-verify!example!top Don't delay, click below to proceed!"
ham,"Hello, Can we push our team sync to Thursday? Something came up on my end and I want to make sure I'm fully prepared."
spam,"Hi there!!! Hot singles in your area are waiting to chat with YOU right now! Click below for FREE access, no credit card required!!! This is not a scam, 100% legit and guaranteed!!!"
spam,"CONGRATULATIONS!!! You've been chosen for a FREE cruise to the Bahamas! Just pay a small processing fee of $99 to reserve your spot now! This is not a scam, 100% legit and guaranteed!!!"
ham,"Hey team, Quick question about the office chairs order — did it ship yet? Tracking still shows it's processing. Talk soon."
ham,"Hi Sarah, Could you review the pull request I opened this morning? Nothing urgent, just want your eyes on the website redesign changes."
spam,"ACT NOW Hot singles in your area are waiting to chat with YOU right now! Click below for FREE access, no credit card required!!! Click here now: http://bit!ly/free-cash-now"
ham,"Hi all, Just confirming our reservation at the downtown office for Tuesday at 2:30 PM. Looking forward to seeing everyone! Appreciate it."
spam,"CONGRATULATIONS!!! Invest in Dogecoin today and turn $100 into $10,000 in just 7 days!! Guaranteed returns, act before this offer closes! Reply IMMEDIATELY to claim."
ham,"Hey, Following up on our call from earlier — I'll send the updated slide deck by end of day tomorrow. Best,"
ham,"Hi all, Great meeting you at the conference! Would love to grab lunch and talk more about the Q3 roadmap project sometime. Appreciate it."
ham,"Hi John, Just confirming our reservation at the lake house for Tuesday at 2:30 PM. Looking forward to seeing everyone!"
spam,"URGENT NOTICE Earn passive income of $500/month with our proven system! No skills, no experience, just click below to start earning today! Reply IMMEDIATELY to claim!"
spam,"Dear Winner This is your FINAL WARNING. Your bank subscription has expired. Update your billing information now to avoid account closure. This is not a scam, 100% legit and guaranteed!!!"
ham,"Dear Priya, Your order of office chairs has shipped and should arrive by next week. You can track it using the link in your account."
ham,"Hey, Reminder: your dentist appointment is on next week at 11:30 AM. Call the office if you need to reschedule."
spam,"Hi there!!! This is your FINAL WARNING! Your email subscription has expired! Update your billing information now to avoid account closure! Limited spots available, don't miss out!"
ham,"Hey, Loved catching up with you last night! We should plan that trip to that new Italian place soon, maybe over the long weekend."
spam,ATTENTION Your package could not be delivered. Pay a redelivery fee of $2.99 immediately or your parcel will be returned: http://secure-login-update.example.info
spam,"ACT NOW Make $1000000 per week working from home! No experience needed. Just send a small registration fee of $49 to get started TODAY. Text STOP to unsubscribe (but hurry, offer ends soon)!"
ham,"Hey team, Thanks for sending over the report. I reviewed it and left a few comments in the shared doc. Overall looks great! Talk soon."
ham,"Dear Priya, Here's the invoice for onboarding — total comes to $899. Let me know if you need it in a different format. Best,"
ham,"Good morning, Your order of marketing has shipped and should arrive by Wednesday. You can track it using the link in your account."
ham,"Good morning, Just confirming our reservation at Marco's for Tuesday at 4:00 PM. Looking forward to seeing everyone! Appreciate it."
spam,Limited Time Offer This is your FINAL WARNING! Your Amazon Prime subscription has expired! Update your billing information now to avoid account closure! Reply IMMEDIATELY to claim!
spam,"Breaking: URGENT: Your tax refund of $500 is pending. Submit your social security number and banking info to release the funds. Limited spots available, don't miss out!"
spam,"Hi there!!! Earn passive income of $5000/month with our proven system. No skills, no experience, just click below to start earning today!"
spam,"ACT NOW CLICK HERE to claim your free iPhone 14! Limited stock available, only 3 left, hurry before it's too late!!! Reply IMMEDIATELY to claim!"
spam,"Hi there!!! Your PayPal password was reset! If this wasn't you, click below immediately to secure your account: http://bit!ly/free-cash-now This is not a scam, 100% legit and guaranteed!!!"
spam,"GOOD NEWS Make $10000 per week working from home! No experience needed! Just send a small registration fee of $49 to get started TODAY! For your security, verify now: http://claim-your-prize!example!ru/verify"
ham,"Good morning, Great meeting you at the conference! Would love to grab lunch and talk more about the Q3 roadmap project sometime. Best,"
spam,ATTENTION Your package could not be delivered. Pay a redelivery fee of $2.99 immediately or your parcel will be returned: http://account-verify.example.top Reply IMMEDIATELY to claim.
spam,"ACT NOW Get a pre-approved loan of $500 with ZERO credit check! Apply now, funds sent within 1 hour, no paperwork required. For your security, verify now: http://bit.ly/free-cash-now"
spam,"Important Update You have WON $500 in the Euro Millions Lottery! To claim your prize, click the link below and enter your bank details within 24 hours."
ham,"Hi all, Loved catching up with you last night! We should plan that trip to that new Italian place soon, maybe over the long weekend. Let me know either way."
spam,"Hello Valued Customer This is your FINAL WARNING. Your Amazon Prime subscription has expired. Update your billing information now to avoid account closure. Don't delay, click below to proceed."
spam,"Important Update Your account will be SUSPENDED unless you verify your password immediately. Click here to confirm your identity: http://claim-your-prize.example.ru/verify Don't delay, click below to proceed."
ham,"Hi all, Thanks so much for your help moving last weekend, really appreciate it! Let's grab dinner soon to say thanks properly. Talk soon."
spam,"Dear Beneficiary You've been chosen for a FREE cruise to the Bahamas! Just pay a small processing fee of $99 to reserve your spot now. Limited spots available, don't miss out!"
spam,"Limited Time Offer We noticed unusual sign-in activity on your account. Verify your identity now or your account will be permanently locked: http://secure-login-update.example.info Don't delay, click below to proceed."
spam,"Breaking: Your package could not be delivered. Pay a redelivery fee of $2.99 immediately or your parcel will be returned: http://secure-login-update.example.info Don't delay, click below to proceed."
spam,"FINAL REMINDER Your account will be SUSPENDED unless you verify your password immediately! Click here to confirm your identity: http://secure-login-update!example!info This is not a scam, 100% legit and guaranteed!!!"
spam,"FINAL REMINDER Buy cheap Viagra online with 80% discount, no prescription needed! Fast, discreet shipping worldwide. Order now! Limited spots available, don't miss out!"
ham,"Dear Priya, Following up on our call from earlier — I'll send the updated slide deck by end of day tomorrow. Best,"
ham,"Hello, Following up on our call from earlier — I'll send the updated meeting notes by end of day tomorrow. Best,"
spam,"Limited Time Offer Make $25000 per week working from home! No experience needed. Just send a small registration fee of $49 to get started TODAY. Don't delay, click below to proceed."
ham,"Good morning, Here's the invoice for website redesign — total comes to $45.5. Let me know if you need it in a different format."
spam,"You have been selected Your computer has a VIRUS! Download our antivirus tool immediately to remove 27 threats detected on your device: http://claim-your-prize!example!ru/verify 100% risk free, cancel anytime!"
spam,"You have been selected This is your FINAL WARNING. Your PayPal subscription has expired. Update your billing information now to avoid account closure. This is not a scam, 100% legit and guaranteed!!!"
spam,FINAL REMINDER This is your FINAL WARNING. Your Amazon Prime subscription has expired. Update your billing information now to avoid account closure.
spam,"Dear Winner Hot singles in your area are waiting to chat with YOU right now! Click below for FREE access, no credit card required!!! For your security, verify now: http://secure-login-update.example.info"
spam,"FINAL REMINDER Buy cheap painkillers online with 80% discount, no prescription needed! Fast, discreet shipping worldwide. Order now! This is not a scam, 100% legit and guaranteed!!!"
spam,"You have been selected CLICK HERE to claim your free iPhone 15 Pro! Limited stock available, only 3 left, hurry before it's too late!!! 100% risk free, cancel anytime."
ham,"Hi, Can we push our 1:1 to Friday? Something came up on my end and I want to make sure I'm fully prepared. Thanks!"
spam,"Breaking: You have WON $5000 in the Euro Millions Lottery! To claim your prize, click the link below and enter your bank details within 24 hours! 100% risk free, cancel anytime!"
spam,"Limited Time Offer Your package could not be delivered. Pay a redelivery fee of $2.99 immediately or your parcel will be returned: http://secure-login-update.example.info For your security, verify now: http://claim-your-prize.example.ru/verify"
ham,"Hey, Happy birthday! Hope you have a wonderful day, let's catch up for coffee sometime next week if you're free."
ham,"Hi all, The kids' school project is due on Tuesday, can you pick up some poster board on your way home tonight? Best,"
ham,"Hi Team, Attaching the contract for tomorrow's 1:1. Let me know if I missed anything before I send it to the client."
ham,"Hi, Here are my notes from today's budget meeting — action items are highlighted at the bottom, due by Friday. Thanks!"
ham,"Dear Priya, Following up on our call from earlier — I'll send the updated contract by end of day tomorrow."
spam,"Hello Valued Customer Your computer has a VIRUS! Download our antivirus tool immediately to remove 27 threats detected on your device: http://secure-login-update.example.info Text STOP to unsubscribe (but hurry, offer ends soon)!"
ham,"Hi Sarah, Here's the invoice for Q3 roadmap — total comes to $349.99. Let me know if you need it in a different format. Let me know either way."
ham,"Good morning, Great meeting you at the conference! Would love to grab lunch and talk more about the laptop project sometime. Let me know either way."
ham,"Hi, Can we push our team sync to Thursday? Something came up on my end and I want to make sure I'm fully prepared."
spam,You have been selected Make $250000 per week working from home! No experience needed. Just send a small registration fee of $49 to get started TODAY.
ham,"Hi John, Following up on our call from earlier — I'll send the updated meeting notes by end of day tomorrow. Thanks!"
spam,"FINAL REMINDER Your computer has a VIRUS! Download our antivirus tool immediately to remove 27 threats detected on your device: http://bit.ly/free-cash-now For your security, verify now: http://secure-login-update.example.info"
ham,"Hi John, Here's the invoice for laptop — total comes to $45.5. Let me know if you need it in a different format."
spam,"Dear Winner Lose 15kg in just 2 weeks with this ONE weird trick doctors don't want you to know about! Order your free trial now! 100% risk free, cancel anytime!"
ham,"Hi Team, Can you send over your availability for next week? Want to lock in time for the website redesign kickoff. Appreciate it."
ham,"Hi John, Happy birthday! Hope you have a wonderful day, let's catch up for coffee sometime next week if you're free. Thanks!"
